,addr_mask,chksum,code,gw,id,len,ptr,reserved,seq,time,ts_ori,ts_rx,ts_tx,type,unused
1,,30998.0,0.0,,17627.0,1514,,,1.0,1488942590.161774,,,,8.0,
2,,,,,,62,,,,1488942590.161789,,,,,
3,,33046.0,0.0,,17627.0,1514,,,1.0,1488942590.161816,,,,0.0,
4,,,,,,62,,,,1488942590.161831,,,,,
5,,31726.0,0.0,,17627.0,1514,,,2.0,1488942591.171759,,,,8.0,
6,,,,,,62,,,,1488942591.171781,,,,,
7,,33774.0,0.0,,17627.0,1514,,,2.0,1488942591.171808,,,,0.0,
8,,,,,,62,,,,1488942591.171821,,,,,
9,,48015.0,0.0,,17627.0,1514,,,3.0,1488942592.195605,,,,8.0,
10,,,,,,62,,,,1488942592.195621,,,,,
11,,50063.0,0.0,,17627.0,1514,,,3.0,1488942592.195656,,,,0.0,
12,,,,,,62,,,,1488942592.195666,,,,,
13,,63536.0,0.0,,17627.0,1514,,,4.0,1488942593.219605,,,,8.0,
14,,,,,,62,,,,1488942593.219627,,,,,
15,,49.0,0.0,,17627.0,1514,,,4.0,1488942593.219654,,,,0.0,
16,,,,,,62,,,,1488942593.219666,,,,,
17,,13522.0,0.0,,17627.0,1514,,,5.0,1488942594.243569,,,,8.0,
18,,,,,,62,,,,1488942594.243585,,,,,
19,,15570.0,0.0,,17627.0,1514,,,5.0,1488942594.243616,,,,0.0,
20,,,,,,62,,,,1488942594.243627,,,,,
21,,31859.0,0.0,,17627.0,1514,,,6.0,1488942595.267565,,,,8.0,
22,,,,,,62,,,,1488942595.267579,,,,,
23,,33907.0,0.0,,17627.0,1514,,,6.0,1488942595.267614,,,,0.0,
24,,,,,,62,,,,1488942595.267625,,,,,
25,,46100.0,0.0,,17627.0,1514,,,7.0,1488942596.291471,,,,8.0,
26,,,,,,62,,,,1488942596.291487,,,,,
27,,48148.0,0.0,,17627.0,1514,,,7.0,1488942596.291519,,,,0.0,
28,,,,,,62,,,,1488942596.291531,,,,,
29,,61877.0,0.0,,17627.0,1514,,,8.0,1488942597.315451,,,,8.0,
30,,,,,,62,,,,1488942597.315468,,,,,
31,,63925.0,0.0,,17627.0,1514,,,8.0,1488942597.315504,,,,0.0,
32,,,,,,62,,,,1488942597.315515,,,,,
33,,17302.0,0.0,,17631.0,1514,,,1.0,1488942602.625647,,,,8.0,
34,,,,,,1514,,,,1488942602.625666,,,,,
35,,,,,,1514,,,,1488942602.62567,,,,,
36,,,,,,1514,,,,1488942602.625673,,,,,
37,,,,,,1514,,,,1488942602.625675,,,,,
38,,,,,,1514,,,,1488942602.625677,,,,,
39,,,,,,1514,,,,1488942602.625716,,,,,
40,,,,,,1514,,,,1488942602.625719,,,,,
41,,,,,,1514,,,,1488942602.625721,,,,,
42,,,,,,1514,,,,1488942602.625732,,,,,
43,,,,,,242,,,,1488942602.625734,,,,,
44,,19350.0,0.0,,17631.0,1514,,,1.0,1488942602.625779,,,,0.0,
45,,,,,,1514,,,,1488942602.625813,,,,,
46,,,,,,1514,,,,1488942602.625827,,,,,
47,,,,,,1514,,,,1488942602.625838,,,,,
48,,,,,,1514,,,,1488942602.625849,,,,,
49,,,,,,1514,,,,1488942602.625866,,,,,
50,,,,,,1514,,,,1488942602.625878,,,,,
51,,,,,,1514,,,,1488942602.625889,,,,,
52,,,,,,1514,,,,1488942602.6259,,,,,
53,,,,,,1514,,,,1488942602.625915,,,,,
54,,,,,,242,,,,1488942602.625927,,,,,
55,,17457.0,0.0,,17631.0,1514,,,2.0,1488942603.651192,,,,8.0,
56,,,,,,1514,,,,1488942603.651214,,,,,
57,,,,,,1514,,,,1488942603.651217,,,,,
58,,,,,,1514,,,,1488942603.651219,,,,,
59,,,,,,1514,,,,1488942603.651222,,,,,
60,,,,,,1514,,,,1488942603.651224,,,,,
61,,,,,,1514,,,,1488942603.651234,,,,,
62,,,,,,1514,,,,1488942603.651237,,,,,
63,,,,,,1514,,,,1488942603.651247,,,,,
64,,,,,,1514,,,,1488942603.651249,,,,,
65,,,,,,242,,,,1488942603.651251,,,,,
66,,19505.0,0.0,,17631.0,1514,,,2.0,1488942603.651285,,,,0.0,
67,,,,,,1514,,,,1488942603.651301,,,,,
68,,,,,,1514,,,,1488942603.651303,,,,,
69,,,,,,1514,,,,1488942603.651304,,,,,
70,,,,,,1514,,,,1488942603.651305,,,,,
71,,,,,,1514,,,,1488942603.651306,,,,,
72,,,,,,1514,,,,1488942603.651307,,,,,
73,,,,,,1514,,,,1488942603.651308,,,,,
74,,,,,,1514,,,,1488942603.65131,,,,,
75,,,,,,1514,,,,1488942603.651311,,,,,
76,,,,,,242,,,,1488942603.651312,,,,,
77,,32466.0,0.0,,17631.0,1514,,,3.0,1488942604.675131,,,,8.0,
78,,,,,,1514,,,,1488942604.675144,,,,,
79,,,,,,1514,,,,1488942604.675158,,,,,
80,,,,,,1514,,,,1488942604.67516,,,,,
81,,,,,,1514,,,,1488942604.675162,,,,,
82,,,,,,1514,,,,1488942604.675164,,,,,
83,,,,,,1514,,,,1488942604.675223,,,,,
84,,,,,,1514,,,,1488942604.675228,,,,,
85,,,,,,1514,,,,1488942604.67523,,,,,
86,,,,,,1514,,,,1488942604.675231,,,,,
87,,,,,,242,,,,1488942604.675233,,,,,
88,,34514.0,0.0,,17631.0,1514,,,3.0,1488942604.675268,,,,0.0,
89,,,,,,1514,,,,1488942604.675279,,,,,
90,,,,,,1514,,,,1488942604.675281,,,,,
91,,,,,,1514,,,,1488942604.675282,,,,,
92,,,,,,1514,,,,1488942604.675283,,,,,
93,,,,,,1514,,,,1488942604.675284,,,,,
94,,,,,,1514,,,,1488942604.675285,,,,,
95,,,,,,1514,,,,1488942604.675286,,,,,
96,,,,,,1514,,,,1488942604.675287,,,,,
97,,,,,,1514,,,,1488942604.675288,,,,,
98,,,,,,242,,,,1488942604.675289,,,,,
99,,50035.0,0.0,,17631.0,1514,,,4.0,1488942605.699119,,,,8.0,
100,,,,,,1514,,,,1488942605.699134,,,,,
101,,,,,,1514,,,,1488942605.699136,,,,,
102,,,,,,1514,,,,1488942605.699138,,,,,
103,,,,,,1514,,,,1488942605.699141,,,,,
104,,,,,,1514,,,,1488942605.699143,,,,,
105,,,,,,1514,,,,1488942605.699172,,,,,
106,,,,,,1514,,,,1488942605.699175,,,,,
107,,,,,,1514,,,,1488942605.699177,,,,,
108,,,,,,1514,,,,1488942605.699179,,,,,
109,,,,,,242,,,,1488942605.69918,,,,,
110,,52083.0,0.0,,17631.0,1514,,,4.0,1488942605.699215,,,,0.0,
111,,,,,,1514,,,,1488942605.699225,,,,,
112,,,,,,1514,,,,1488942605.699227,,,,,
113,,,,,,1514,,,,1488942605.699228,,,,,
114,,,,,,1514,,,,1488942605.699229,,,,,
115,,,,,,1514,,,,1488942605.69923,,,,,
116,,,,,,1514,,,,1488942605.699231,,,,,
117,,,,,,1514,,,,1488942605.699232,,,,,
118,,,,,,1514,,,,1488942605.699233,,,,,
119,,,,,,1514,,,,1488942605.699234,,,,,
120,,,,,,242,,,,1488942605.699236,,,,,
121,,63508.0,0.0,,17631.0,1514,,,5.0,1488942606.723076,,,,8.0,
122,,,,,,1514,,,,1488942606.723092,,,,,
123,,,,,,1514,,,,1488942606.723094,,,,,
124,,,,,,1514,,,,1488942606.723098,,,,,
125,,,,,,1514,,,,1488942606.723101,,,,,
126,,,,,,1514,,,,1488942606.723104,,,,,
127,,,,,,1514,,,,1488942606.723107,,,,,
128,,,,,,1514,,,,1488942606.723142,,,,,
129,,,,,,1514,,,,1488942606.723146,,,,,
130,,,,,,1514,,,,1488942606.723148,,,,,
131,,,,,,242,,,,1488942606.72315,,,,,
132,,21.0,0.0,,17631.0,1514,,,5.0,1488942606.723183,,,,0.0,
133,,,,,,1514,,,,1488942606.723193,,,,,
134,,,,,,1514,,,,1488942606.723195,,,,,
135,,,,,,1514,,,,1488942606.723196,,,,,
136,,,,,,1514,,,,1488942606.723197,,,,,
137,,,,,,1514,,,,1488942606.723198,,,,,
138,,,,,,1514,,,,1488942606.7232,,,,,
139,,,,,,1514,,,,1488942606.723201,,,,,
140,,,,,,1514,,,,1488942606.723202,,,,,
141,,,,,,1514,,,,1488942606.723203,,,,,
142,,,,,,242,,,,1488942606.723204,,,,,
143,,16054.0,0.0,,17631.0,1514,,,6.0,1488942607.747013,,,,8.0,
144,,,,,,1514,,,,1488942607.747028,,,,,
145,,,,,,1514,,,,1488942607.747048,,,,,
146,,,,,,1514,,,,1488942607.747052,,,,,
147,,,,,,1514,,,,1488942607.74706,,,,,
148,,,,,,1514,,,,1488942607.747062,,,,,
149,,,,,,1514,,,,1488942607.747102,,,,,
150,,,,,,1514,,,,1488942607.747105,,,,,
151,,,,,,1514,,,,1488942607.747108,,,,,
152,,,,,,1514,,,,1488942607.74711,,,,,
153,,,,,,242,,,,1488942607.747112,,,,,
154,,18102.0,0.0,,17631.0,1514,,,6.0,1488942607.747151,,,,0.0,
155,,,,,,1514,,,,1488942607.747162,,,,,
156,,,,,,1514,,,,1488942607.747164,,,,,
157,,,,,,1514,,,,1488942607.747165,,,,,
158,,,,,,1514,,,,1488942607.747166,,,,,
159,,,,,,1514,,,,1488942607.747167,,,,,
160,,,,,,1514,,,,1488942607.747168,,,,,
161,,,,,,1514,,,,1488942607.747169,,,,,
162,,,,,,1514,,,,1488942607.74717,,,,,
163,,,,,,1514,,,,1488942607.747172,,,,,
164,,,,,,242,,,,1488942607.747173,,,,,
165,,31575.0,0.0,,17631.0,1514,,,7.0,1488942608.770996,,,,8.0,
166,,,,,,1514,,,,1488942608.771019,,,,,
167,,,,,,1514,,,,1488942608.771022,,,,,
168,,,,,,1514,,,,1488942608.771024,,,,,
169,,,,,,1514,,,,1488942608.771025,,,,,
170,,,,,,1514,,,,1488942608.771028,,,,,
171,,,,,,1514,,,,1488942608.77103,,,,,
172,,,,,,1514,,,,1488942608.771032,,,,,
173,,,,,,1514,,,,1488942608.771034,,,,,
174,,,,,,1514,,,,1488942608.771036,,,,,
175,,,,,,242,,,,1488942608.771037,,,,,
176,,33623.0,0.0,,17631.0,1514,,,7.0,1488942608.77107,,,,0.0,
177,,,,,,1514,,,,1488942608.771084,,,,,
178,,,,,,1514,,,,1488942608.771085,,,,,
179,,,,,,1514,,,,1488942608.771086,,,,,
180,,,,,,1514,,,,1488942608.771087,,,,,
181,,,,,,1514,,,,1488942608.771089,,,,,
182,,,,,,1514,,,,1488942608.77109,,,,,
183,,,,,,1514,,,,1488942608.771091,,,,,
184,,,,,,1514,,,,1488942608.771092,,,,,
185,,,,,,1514,,,,1488942608.771093,,,,,
186,,,,,,242,,,,1488942608.771094,,,,,
187,,47352.0,0.0,,17631.0,1514,,,8.0,1488942609.794989,,,,8.0,
188,,,,,,1514,,,,1488942609.795004,,,,,
189,,,,,,1514,,,,1488942609.795007,,,,,
190,,,,,,1514,,,,1488942609.795011,,,,,
191,,,,,,1514,,,,1488942609.795013,,,,,
192,,,,,,1514,,,,1488942609.795016,,,,,
193,,,,,,1514,,,,1488942609.795043,,,,,
194,,,,,,1514,,,,1488942609.795046,,,,,
195,,,,,,1514,,,,1488942609.795048,,,,,
196,,,,,,1514,,,,1488942609.795049,,,,,
197,,,,,,242,,,,1488942609.795051,,,,,
198,,49400.0,0.0,,17631.0,1514,,,8.0,1488942609.795084,,,,0.0,
199,,,,,,1514,,,,1488942609.795096,,,,,
200,,,,,,1514,,,,1488942609.795097,,,,,
201,,,,,,1514,,,,1488942609.795099,,,,,
202,,,,,,1514,,,,1488942609.7951,,,,,
203,,,,,,1514,,,,1488942609.795101,,,,,
204,,,,,,1514,,,,1488942609.795102,,,,,
205,,,,,,1514,,,,1488942609.795103,,,,,
206,,,,,,1514,,,,1488942609.795104,,,,,
207,,,,,,1514,,,,1488942609.795105,,,,,
208,,,,,,242,,,,1488942609.795106,,,,,
209,,59033.0,0.0,,17631.0,1514,,,9.0,1488942610.818949,,,,8.0,
210,,,,,,1514,,,,1488942610.818968,,,,,
211,,,,,,1514,,,,1488942610.818972,,,,,
212,,,,,,1514,,,,1488942610.818975,,,,,
213,,,,,,1514,,,,1488942610.818982,,,,,
214,,,,,,1514,,,,1488942610.818984,,,,,
215,,,,,,1514,,,,1488942610.819013,,,,,
216,,,,,,1514,,,,1488942610.819017,,,,,
217,,,,,,1514,,,,1488942610.819024,,,,,
218,,,,,,1514,,,,1488942610.819026,,,,,
219,,,,,,242,,,,1488942610.819029,,,,,
220,,61081.0,0.0,,17631.0,1514,,,9.0,1488942610.819073,,,,0.0,
221,,,,,,1514,,,,1488942610.819083,,,,,
222,,,,,,1514,,,,1488942610.819085,,,,,
223,,,,,,1514,,,,1488942610.819086,,,,,
224,,,,,,1514,,,,1488942610.819087,,,,,
225,,,,,,1514,,,,1488942610.819088,,,,,
226,,,,,,1514,,,,1488942610.819089,,,,,
227,,,,,,1514,,,,1488942610.81909,,,,,
228,,,,,,1514,,,,1488942610.819091,,,,,
229,,,,,,1514,,,,1488942610.819092,,,,,
230,,,,,,242,,,,1488942610.819093,,,,,
231,,11835.0,0.0,,17631.0,1514,,,10.0,1488942611.842908,,,,8.0,
232,,,,,,1514,,,,1488942611.842926,,,,,
233,,,,,,1514,,,,1488942611.842929,,,,,
234,,,,,,1514,,,,1488942611.842931,,,,,
235,,,,,,1514,,,,1488942611.842934,,,,,
236,,,,,,1514,,,,1488942611.842935,,,,,
237,,,,,,1514,,,,1488942611.842974,,,,,
238,,,,,,1514,,,,1488942611.842985,,,,,
239,,,,,,1514,,,,1488942611.842988,,,,,
240,,,,,,1514,,,,1488942611.84299,,,,,
241,,,,,,242,,,,1488942611.842993,,,,,
242,,13883.0,0.0,,17631.0,1514,,,10.0,1488942611.843035,,,,0.0,
243,,,,,,1514,,,,1488942611.843045,,,,,
244,,,,,,1514,,,,1488942611.843046,,,,,
245,,,,,,1514,,,,1488942611.843047,,,,,
246,,,,,,1514,,,,1488942611.843048,,,,,
247,,,,,,1514,,,,1488942611.843049,,,,,
248,,,,,,1514,,,,1488942611.84305,,,,,
249,,,,,,1514,,,,1488942611.843051,,,,,
250,,,,,,1514,,,,1488942611.843052,,,,,
251,,,,,,1514,,,,1488942611.843054,,,,,
252,,,,,,242,,,,1488942611.843055,,,,,
253,,18745.0,0.0,,17631.0,1514,,,11.0,1488942612.843063,,,,8.0,
254,,,,,,1514,,,,1488942612.843083,,,,,
255,,,,,,1514,,,,1488942612.843085,,,,,
256,,,,,,1514,,,,1488942612.843089,,,,,
257,,,,,,1514,,,,1488942612.843091,,,,,
258,,,,,,1514,,,,1488942612.843093,,,,,
259,,,,,,1514,,,,1488942612.843127,,,,,
260,,,,,,1514,,,,1488942612.84313,,,,,
261,,,,,,1514,,,,1488942612.843132,,,,,
262,,,,,,1514,,,,1488942612.843134,,,,,
263,,,,,,242,,,,1488942612.843136,,,,,
264,,20793.0,0.0,,17631.0,1514,,,11.0,1488942612.843168,,,,0.0,
265,,,,,,1514,,,,1488942612.843178,,,,,
266,,,,,,1514,,,,1488942612.843185,,,,,
267,,,,,,1514,,,,1488942612.843187,,,,,
268,,,,,,1514,,,,1488942612.843188,,,,,
269,,,,,,1514,,,,1488942612.843189,,,,,
270,,,,,,1514,,,,1488942612.84319,,,,,
271,,,,,,1514,,,,1488942612.843191,,,,,
272,,,,,,1514,,,,1488942612.843192,,,,,
273,,,,,,1514,,,,1488942612.843193,,,,,
274,,,,,,242,,,,1488942612.843194,,,,,
275,,45949.0,0.0,,17631.0,1514,,,12.0,1488942613.890807,,,,8.0,
276,,,,,,1514,,,,1488942613.890826,,,,,
277,,,,,,1514,,,,1488942613.890829,,,,,
278,,,,,,1514,,,,1488942613.890832,,,,,
279,,,,,,1514,,,,1488942613.890835,,,,,
280,,,,,,1514,,,,1488942613.890837,,,,,
281,,,,,,1514,,,,1488942613.890874,,,,,
282,,,,,,1514,,,,1488942613.890877,,,,,
283,,,,,,1514,,,,1488942613.890879,,,,,
284,,,,,,1514,,,,1488942613.890881,,,,,
285,,,,,,242,,,,1488942613.890883,,,,,
286,,47997.0,0.0,,17631.0,1514,,,12.0,1488942613.890916,,,,0.0,
287,,,,,,1514,,,,1488942613.890925,,,,,
288,,,,,,1514,,,,1488942613.890927,,,,,
289,,,,,,1514,,,,1488942613.890928,,,,,
290,,,,,,1514,,,,1488942613.890929,,,,,
291,,,,,,1514,,,,1488942613.89093,,,,,
292,,,,,,1514,,,,1488942613.890931,,,,,
293,,,,,,1514,,,,1488942613.890932,,,,,
294,,,,,,1514,,,,1488942613.890933,,,,,
295,,,,,,1514,,,,1488942613.890934,,,,,
296,,,,,,242,,,,1488942613.890935,,,,,
297,,61982.0,0.0,,17631.0,1514,,,13.0,1488942614.91486,,,,8.0,
298,,,,,,1514,,,,1488942614.914882,,,,,
299,,,,,,1514,,,,1488942614.914888,,,,,
300,,,,,,1514,,,,1488942614.91489,,,,,
301,,,,,,1514,,,,1488942614.914891,,,,,
302,,,,,,1514,,,,1488942614.914893,,,,,
303,,,,,,1514,,,,1488942614.914894,,,,,
304,,,,,,1514,,,,1488942614.914896,,,,,
305,,,,,,1514,,,,1488942614.914898,,,,,
306,,,,,,1514,,,,1488942614.9149,,,,,
307,,,,,,242,,,,1488942614.914901,,,,,
308,,64030.0,0.0,,17631.0,1514,,,13.0,1488942614.914934,,,,0.0,
309,,,,,,1514,,,,1488942614.914946,,,,,
310,,,,,,1514,,,,1488942614.914948,,,,,
311,,,,,,1514,,,,1488942614.914949,,,,,
312,,,,,,1514,,,,1488942614.91495,,,,,
313,,,,,,1514,,,,1488942614.914951,,,,,
314,,,,,,1514,,,,1488942614.914952,,,,,
315,,,,,,1514,,,,1488942614.914953,,,,,
316,,,,,,1514,,,,1488942614.914954,,,,,
317,,,,,,1514,,,,1488942614.914955,,,,,
318,,,,,,242,,,,1488942614.914956,,,,,
319,,14016.0,0.0,,17631.0,1514,,,14.0,1488942615.93867,,,,8.0,
320,,,,,,1514,,,,1488942615.938691,,,,,
321,,,,,,1514,,,,1488942615.938693,,,,,
322,,,,,,1514,,,,1488942615.938695,,,,,
323,,,,,,1514,,,,1488942615.938697,,,,,
324,,,,,,1514,,,,1488942615.938745,,,,,
325,,,,,,1514,,,,1488942615.938749,,,,,
326,,,,,,1514,,,,1488942615.938751,,,,,
327,,,,,,1514,,,,1488942615.938752,,,,,
328,,,,,,1514,,,,1488942615.938788,,,,,
329,,,,,,242,,,,1488942615.93879,,,,,
330,,16064.0,0.0,,17631.0,1514,,,14.0,1488942615.938823,,,,0.0,
331,,,,,,1514,,,,1488942615.938832,,,,,
332,,,,,,1514,,,,1488942615.938834,,,,,
333,,,,,,1514,,,,1488942615.938835,,,,,
334,,,,,,1514,,,,1488942615.938836,,,,,
335,,,,,,1514,,,,1488942615.938837,,,,,
336,,,,,,1514,,,,1488942615.938838,,,,,
337,,,,,,1514,,,,1488942615.938839,,,,,
338,,,,,,1514,,,,1488942615.93884,,,,,
339,,,,,,1514,,,,1488942615.938841,,,,,
340,,,,,,242,,,,1488942615.938842,,,,,
341,,22205.0,0.0,,17631.0,1514,,,15.0,1488942616.939145,,,,8.0,
342,,,,,,1514,,,,1488942616.939162,,,,,
343,,,,,,1514,,,,1488942616.939167,,,,,
344,,,,,,1514,,,,1488942616.939169,,,,,
345,,,,,,1514,,,,1488942616.939171,,,,,
346,,,,,,1514,,,,1488942616.939173,,,,,
347,,,,,,1514,,,,1488942616.939203,,,,,
348,,,,,,1514,,,,1488942616.939207,,,,,
349,,,,,,1514,,,,1488942616.939208,,,,,
350,,,,,,1514,,,,1488942616.93921,,,,,
351,,,,,,242,,,,1488942616.939212,,,,,
352,,24253.0,0.0,,17631.0,1514,,,15.0,1488942616.939247,,,,0.0,
353,,,,,,1514,,,,1488942616.939256,,,,,
354,,,,,,1514,,,,1488942616.939257,,,,,
355,,,,,,1514,,,,1488942616.939259,,,,,
356,,,,,,1514,,,,1488942616.93926,,,,,
357,,,,,,1514,,,,1488942616.939261,,,,,
358,,,,,,1514,,,,1488942616.939262,,,,,
359,,,,,,1514,,,,1488942616.939263,,,,,
360,,,,,,1514,,,,1488942616.939265,,,,,
361,,,,,,1514,,,,1488942616.939266,,,,,
362,,,,,,242,,,,1488942616.939267,,,,,
363,,64324.0,0.0,,17631.0,1514,,,16.0,1488942617.986658,,,,8.0,
364,,,,,,1514,,,,1488942617.986676,,,,,
365,,,,,,1514,,,,1488942617.986679,,,,,
366,,,,,,1514,,,,1488942617.986681,,,,,
367,,,,,,1514,,,,1488942617.986684,,,,,
368,,,,,,1514,,,,1488942617.986686,,,,,
369,,,,,,1514,,,,1488942617.986707,,,,,
370,,,,,,1514,,,,1488942617.98671,,,,,
371,,,,,,1514,,,,1488942617.986712,,,,,
372,,,,,,1514,,,,1488942617.986714,,,,,
373,,,,,,242,,,,1488942617.986716,,,,,
374,,837.0,0.0,,17631.0,1514,,,16.0,1488942617.986748,,,,0.0,
375,,,,,,1514,,,,1488942617.986759,,,,,
376,,,,,,1514,,,,1488942617.986761,,,,,
377,,,,,,1514,,,,1488942617.986762,,,,,
378,,,,,,1514,,,,1488942617.986763,,,,,
379,,,,,,1514,,,,1488942617.986764,,,,,
380,,,,,,1514,,,,1488942617.986765,,,,,
381,,,,,,1514,,,,1488942617.986767,,,,,
382,,,,,,1514,,,,1488942617.986768,,,,,
383,,,,,,1514,,,,1488942617.986769,,,,,
384,,,,,,242,,,,1488942617.98677,,,,,
385,,16614.0,0.0,,17631.0,1514,,,17.0,1488942619.010566,,,,8.0,
386,,,,,,1514,,,,1488942619.010584,,,,,
387,,,,,,1514,,,,1488942619.010587,,,,,
388,,,,,,1514,,,,1488942619.01059,,,,,
389,,,,,,1514,,,,1488942619.010593,,,,,
390,,,,,,1514,,,,1488942619.010603,,,,,
391,,,,,,1514,,,,1488942619.010635,,,,,
392,,,,,,1514,,,,1488942619.010638,,,,,
393,,,,,,1514,,,,1488942619.01064,,,,,
394,,,,,,1514,,,,1488942619.010641,,,,,
395,,,,,,242,,,,1488942619.010643,,,,,
396,,18662.0,0.0,,17631.0,1514,,,17.0,1488942619.010676,,,,0.0,
397,,,,,,1514,,,,1488942619.010705,,,,,
398,,,,,,1514,,,,1488942619.010719,,,,,
399,,,,,,1514,,,,1488942619.010731,,,,,
400,,,,,,1514,,,,1488942619.010742,,,,,
401,,,,,,1514,,,,1488942619.010762,,,,,
402,,,,,,1514,,,,1488942619.010774,,,,,
403,,,,,,1514,,,,1488942619.010785,,,,,
404,,,,,,1514,,,,1488942619.010796,,,,,
405,,,,,,1514,,,,1488942619.01081,,,,,
406,,,,,,242,,,,1488942619.010821,,,,,
407,,30855.0,0.0,,17631.0,1514,,,18.0,1488942620.034545,,,,8.0,
408,,,,,,1514,,,,1488942620.034561,,,,,
409,,,,,,1514,,,,1488942620.034568,,,,,
410,,,,,,1514,,,,1488942620.03457,,,,,
411,,,,,,1514,,,,1488942620.034572,,,,,
412,,,,,,1514,,,,1488942620.034574,,,,,
413,,,,,,1514,,,,1488942620.034619,,,,,
414,,,,,,1514,,,,1488942620.034622,,,,,
415,,,,,,1514,,,,1488942620.034624,,,,,
416,,,,,,1514,,,,1488942620.034626,,,,,
417,,,,,,242,,,,1488942620.034628,,,,,
418,,32903.0,0.0,,17631.0,1514,,,18.0,1488942620.034661,,,,0.0,
419,,,,,,1514,,,,1488942620.03467,,,,,
420,,,,,,1514,,,,1488942620.034671,,,,,
421,,,,,,1514,,,,1488942620.034672,,,,,
422,,,,,,1514,,,,1488942620.034673,,,,,
423,,,,,,1514,,,,1488942620.034674,,,,,
424,,,,,,1514,,,,1488942620.034676,,,,,
425,,,,,,1514,,,,1488942620.034677,,,,,
426,,,,,,1514,,,,1488942620.034678,,,,,
427,,,,,,1514,,,,1488942620.034679,,,,,
428,,,,,,242,,,,1488942620.03468,,,,,
429,,45864.0,0.0,,17631.0,1514,,,19.0,1488942621.058504,,,,8.0,
430,,,,,,1514,,,,1488942621.058522,,,,,
431,,,,,,1514,,,,1488942621.058525,,,,,
432,,,,,,1514,,,,1488942621.058527,,,,,
433,,,,,,1514,,,,1488942621.058529,,,,,
434,,,,,,1514,,,,1488942621.058532,,,,,
435,,,,,,1514,,,,1488942621.058574,,,,,
436,,,,,,1514,,,,1488942621.058577,,,,,
437,,,,,,1514,,,,1488942621.05858,,,,,
438,,,,,,1514,,,,1488942621.058581,,,,,
439,,,,,,242,,,,1488942621.058583,,,,,
440,,47912.0,0.0,,17631.0,1514,,,19.0,1488942621.058615,,,,0.0,
441,,,,,,1514,,,,1488942621.058624,,,,,
442,,,,,,1514,,,,1488942621.058626,,,,,
443,,,,,,1514,,,,1488942621.058627,,,,,
444,,,,,,1514,,,,1488942621.058628,,,,,
445,,,,,,1514,,,,1488942621.058629,,,,,
446,,,,,,1514,,,,1488942621.05863,,,,,
447,,,,,,1514,,,,1488942621.058631,,,,,
448,,,,,,1514,,,,1488942621.058632,,,,,
449,,,,,,1514,,,,1488942621.058633,,,,,
450,,,,,,242,,,,1488942621.058634,,,,,
451,,64457.0,0.0,,17631.0,1514,,,20.0,1488942622.082433,,,,8.0,
452,,,,,,1514,,,,1488942622.082446,,,,,
453,,,,,,1514,,,,1488942622.082459,,,,,
454,,,,,,1514,,,,1488942622.082461,,,,,
455,,,,,,1514,,,,1488942622.082463,,,,,
456,,,,,,1514,,,,1488942622.082465,,,,,
457,,,,,,1514,,,,1488942622.082518,,,,,
458,,,,,,1514,,,,1488942622.082525,,,,,
459,,,,,,1514,,,,1488942622.082528,,,,,
460,,,,,,1514,,,,1488942622.082533,,,,,
461,,,,,,242,,,,1488942622.082535,,,,,
462,,970.0,0.0,,17631.0,1514,,,20.0,1488942622.082567,,,,0.0,
463,,,,,,1514,,,,1488942622.082577,,,,,
464,,,,,,1514,,,,1488942622.082578,,,,,
465,,,,,,1514,,,,1488942622.082579,,,,,
466,,,,,,1514,,,,1488942622.08258,,,,,
467,,,,,,1514,,,,1488942622.082581,,,,,
468,,,,,,1514,,,,1488942622.082582,,,,,
469,,,,,,1514,,,,1488942622.082583,,,,,
470,,,,,,1514,,,,1488942622.082585,,,,,
471,,,,,,1514,,,,1488942622.082586,,,,,
472,,,,,,242,,,,1488942622.082587,,,,,
473,,12907.0,0.0,,17631.0,1514,,,21.0,1488942623.106437,,,,8.0,
474,,,,,,1514,,,,1488942623.106451,,,,,
475,,,,,,1514,,,,1488942623.106455,,,,,
476,,,,,,1514,,,,1488942623.106457,,,,,
477,,,,,,1514,,,,1488942623.106459,,,,,
478,,,,,,1514,,,,1488942623.10646,,,,,
479,,,,,,1514,,,,1488942623.106491,,,,,
480,,,,,,1514,,,,1488942623.106494,,,,,
481,,,,,,1514,,,,1488942623.106503,,,,,
482,,,,,,1514,,,,1488942623.106506,,,,,
483,,,,,,242,,,,1488942623.106508,,,,,
484,,14955.0,0.0,,17631.0,1514,,,21.0,1488942623.106553,,,,0.0,
485,,,,,,1514,,,,1488942623.106564,,,,,
486,,,,,,1514,,,,1488942623.106565,,,,,
487,,,,,,1514,,,,1488942623.106567,,,,,
488,,,,,,1514,,,,1488942623.106568,,,,,
489,,,,,,1514,,,,1488942623.106569,,,,,
490,,,,,,1514,,,,1488942623.10657,,,,,
491,,,,,,1514,,,,1488942623.106571,,,,,
492,,,,,,1514,,,,1488942623.106572,,,,,
493,,,,,,1514,,,,1488942623.106573,,,,,
494,,,,,,242,,,,1488942623.106574,,,,,
495,,29196.0,0.0,,17631.0,1514,,,22.0,1488942624.130457,,,,8.0,
496,,,,,,1514,,,,1488942624.130476,,,,,
497,,,,,,1514,,,,1488942624.13048,,,,,
498,,,,,,1514,,,,1488942624.130483,,,,,
499,,,,,,1514,,,,1488942624.130485,,,,,
500,,,,,,1514,,,,1488942624.130487,,,,,
501,,,,,,1514,,,,1488942624.130489,,,,,
502,,,,,,1514,,,,1488942624.130492,,,,,
503,,,,,,1514,,,,1488942624.130494,,,,,
504,,,,,,1514,,,,1488942624.130497,,,,,
505,,,,,,242,,,,1488942624.130503,,,,,
506,,31244.0,0.0,,17631.0,1514,,,22.0,1488942624.130547,,,,0.0,
507,,,,,,1514,,,,1488942624.13056,,,,,
508,,,,,,1514,,,,1488942624.130561,,,,,
509,,,,,,1514,,,,1488942624.130563,,,,,
510,,,,,,1514,,,,1488942624.130564,,,,,
511,,,,,,1514,,,,1488942624.130565,,,,,
512,,,,,,1514,,,,1488942624.130566,,,,,
513,,,,,,1514,,,,1488942624.130567,,,,,
514,,,,,,1514,,,,1488942624.130568,,,,,
515,,,,,,1514,,,,1488942624.130569,,,,,
516,,,,,,242,,,,1488942624.13057,,,,,
517,,45997.0,0.0,,17631.0,1514,,,23.0,1488942625.154338,,,,8.0,
518,,,,,,1514,,,,1488942625.154357,,,,,
519,,,,,,1514,,,,1488942625.154362,,,,,
520,,,,,,1514,,,,1488942625.154364,,,,,
521,,,,,,1514,,,,1488942625.154373,,,,,
522,,,,,,1514,,,,1488942625.154375,,,,,
523,,,,,,1514,,,,1488942625.154391,,,,,
524,,,,,,1514,,,,1488942625.154394,,,,,
525,,,,,,1514,,,,1488942625.154395,,,,,
526,,,,,,1514,,,,1488942625.154397,,,,,
527,,,,,,242,,,,1488942625.154399,,,,,
528,,48045.0,0.0,,17631.0,1514,,,23.0,1488942625.154434,,,,0.0,
529,,,,,,1514,,,,1488942625.154444,,,,,
530,,,,,,1514,,,,1488942625.154446,,,,,
531,,,,,,1514,,,,1488942625.154447,,,,,
532,,,,,,1514,,,,1488942625.154448,,,,,
533,,,,,,1514,,,,1488942625.154449,,,,,
534,,,,,,1514,,,,1488942625.15445,,,,,
535,,,,,,1514,,,,1488942625.154451,,,,,
536,,,,,,1514,,,,1488942625.154452,,,,,
537,,,,,,1514,,,,1488942625.154454,,,,,
538,,,,,,242,,,,1488942625.154454,,,,,
539,,61774.0,0.0,,17631.0,1514,,,24.0,1488942626.178308,,,,8.0,
540,,,,,,1514,,,,1488942626.178334,,,,,
541,,,,,,1514,,,,1488942626.178337,,,,,
542,,,,,,1514,,,,1488942626.178339,,,,,
543,,,,,,1514,,,,1488942626.17834,,,,,
544,,,,,,1514,,,,1488942626.178342,,,,,
545,,,,,,1514,,,,1488942626.178343,,,,,
546,,,,,,1514,,,,1488942626.178351,,,,,
547,,,,,,1514,,,,1488942626.178354,,,,,
548,,,,,,1514,,,,1488942626.178356,,,,,
549,,,,,,242,,,,1488942626.178359,,,,,
550,,63822.0,0.0,,17631.0,1514,,,24.0,1488942626.178392,,,,0.0,
551,,,,,,1514,,,,1488942626.178405,,,,,
552,,,,,,1514,,,,1488942626.178407,,,,,
553,,,,,,1514,,,,1488942626.178408,,,,,
554,,,,,,1514,,,,1488942626.17841,,,,,
555,,,,,,1514,,,,1488942626.178411,,,,,
556,,,,,,1514,,,,1488942626.178413,,,,,
557,,,,,,1514,,,,1488942626.178414,,,,,
558,,,,,,1514,,,,1488942626.178415,,,,,
559,,,,,,1514,,,,1488942626.178417,,,,,
560,,,,,,242,,,,1488942626.178418,,,,,
561,,12272.0,0.0,,17631.0,1514,,,25.0,1488942627.202257,,,,8.0,
562,,,,,,1514,,,,1488942627.202269,,,,,
563,,,,,,1514,,,,1488942627.202297,,,,,
564,,,,,,1514,,,,1488942627.202301,,,,,
565,,,,,,1514,,,,1488942627.202303,,,,,
566,,,,,,1514,,,,1488942627.202305,,,,,
567,,,,,,1514,,,,1488942627.202344,,,,,
568,,,,,,1514,,,,1488942627.202354,,,,,
569,,,,,,1514,,,,1488942627.202357,,,,,
570,,,,,,1514,,,,1488942627.20236,,,,,
571,,,,,,242,,,,1488942627.202362,,,,,
572,,14320.0,0.0,,17631.0,1514,,,25.0,1488942627.202403,,,,0.0,
573,,,,,,1514,,,,1488942627.202413,,,,,
574,,,,,,1514,,,,1488942627.202415,,,,,
575,,,,,,1514,,,,1488942627.202417,,,,,
576,,,,,,1514,,,,1488942627.202418,,,,,
577,,,,,,1514,,,,1488942627.20242,,,,,
578,,,,,,1514,,,,1488942627.202421,,,,,
579,,,,,,1514,,,,1488942627.202423,,,,,
580,,,,,,1514,,,,1488942627.202424,,,,,
581,,,,,,1514,,,,1488942627.202425,,,,,
582,,,,,,242,,,,1488942627.202427,,,,,
583,,30353.0,0.0,,17631.0,1514,,,26.0,1488942628.22619,,,,8.0,
584,,,,,,1514,,,,1488942628.226203,,,,,
585,,,,,,1514,,,,1488942628.226209,,,,,
586,,,,,,1514,,,,1488942628.226212,,,,,
587,,,,,,1514,,,,1488942628.226214,,,,,
588,,,,,,1514,,,,1488942628.226216,,,,,
589,,,,,,1514,,,,1488942628.226262,,,,,
590,,,,,,1514,,,,1488942628.226273,,,,,
591,,,,,,1514,,,,1488942628.226275,,,,,
592,,,,,,1514,,,,1488942628.226277,,,,,
593,,,,,,242,,,,1488942628.22628,,,,,
594,,32401.0,0.0,,17631.0,1514,,,26.0,1488942628.226324,,,,0.0,
595,,,,,,1514,,,,1488942628.226334,,,,,
596,,,,,,1514,,,,1488942628.226335,,,,,
597,,,,,,1514,,,,1488942628.226336,,,,,
598,,,,,,1514,,,,1488942628.226338,,,,,
599,,,,,,1514,,,,1488942628.226339,,,,,
600,,,,,,1514,,,,1488942628.22634,,,,,
601,,,,,,1514,,,,1488942628.226341,,,,,
602,,,,,,1514,,,,1488942628.226342,,,,,
603,,,,,,1514,,,,1488942628.226343,,,,,
604,,,,,,242,,,,1488942628.226344,,,,,
605,,43314.0,0.0,,17631.0,1514,,,27.0,1488942629.250197,,,,8.0,
606,,,,,,1514,,,,1488942629.250216,,,,,
607,,,,,,1514,,,,1488942629.250226,,,,,
608,,,,,,1514,,,,1488942629.250229,,,,,
609,,,,,,1514,,,,1488942629.25023,,,,,
610,,,,,,1514,,,,1488942629.250232,,,,,
611,,,,,,1514,,,,1488942629.250233,,,,,
612,,,,,,1514,,,,1488942629.250256,,,,,
613,,,,,,1514,,,,1488942629.250259,,,,,
614,,,,,,1514,,,,1488942629.250261,,,,,
615,,,,,,242,,,,1488942629.250263,,,,,
616,,45362.0,0.0,,17631.0,1514,,,27.0,1488942629.250307,,,,0.0,
617,,,,,,1514,,,,1488942629.250315,,,,,
618,,,,,,1514,,,,1488942629.250317,,,,,
619,,,,,,1514,,,,1488942629.250318,,,,,
620,,,,,,1514,,,,1488942629.250319,,,,,
621,,,,,,1514,,,,1488942629.25032,,,,,
622,,,,,,1514,,,,1488942629.250321,,,,,
623,,,,,,1514,,,,1488942629.250322,,,,,
624,,,,,,1514,,,,1488942629.250323,,,,,
625,,,,,,1514,,,,1488942629.250324,,,,,
626,,,,,,242,,,,1488942629.250325,,,,,
627,,59603.0,0.0,,17631.0,1514,,,28.0,1488942630.274159,,,,8.0,
628,,,,,,1514,,,,1488942630.274173,,,,,
629,,,,,,1514,,,,1488942630.274259,,,,,
630,,,,,,1514,,,,1488942630.274274,,,,,
631,,,,,,1514,,,,1488942630.274277,,,,,
632,,,,,,1514,,,,1488942630.274283,,,,,
633,,,,,,1514,,,,1488942630.274288,,,,,
634,,,,,,1514,,,,1488942630.274295,,,,,
635,,,,,,1514,,,,1488942630.274301,,,,,
636,,,,,,1514,,,,1488942630.274307,,,,,
637,,,,,,242,,,,1488942630.27431,,,,,
638,,61651.0,0.0,,17631.0,1514,,,28.0,1488942630.274349,,,,0.0,
639,,,,,,1514,,,,1488942630.274364,,,,,
640,,,,,,1514,,,,1488942630.274366,,,,,
641,,,,,,1514,,,,1488942630.274369,,,,,
642,,,,,,1514,,,,1488942630.274371,,,,,
643,,,,,,1514,,,,1488942630.274372,,,,,
644,,,,,,1514,,,,1488942630.274375,,,,,
645,,,,,,1514,,,,1488942630.274376,,,,,
646,,,,,,1514,,,,1488942630.274379,,,,,
647,,,,,,1514,,,,1488942630.27438,,,,,
648,,,,,,242,,,,1488942630.274381,,,,,
649,,13685.0,0.0,,17631.0,1514,,,29.0,1488942631.298064,,,,8.0,
650,,,,,,1514,,,,1488942631.298087,,,,,
651,,,,,,1514,,,,1488942631.298089,,,,,
652,,,,,,1514,,,,1488942631.298091,,,,,
653,,,,,,1514,,,,1488942631.298096,,,,,
654,,,,,,1514,,,,1488942631.298097,,,,,
655,,,,,,1514,,,,1488942631.29815,,,,,
656,,,,,,1514,,,,1488942631.298155,,,,,
657,,,,,,1514,,,,1488942631.298161,,,,,
658,,,,,,1514,,,,1488942631.298164,,,,,
659,,,,,,242,,,,1488942631.298169,,,,,
660,,15733.0,0.0,,17631.0,1514,,,29.0,1488942631.298209,,,,0.0,
661,,,,,,1514,,,,1488942631.298242,,,,,
662,,,,,,1514,,,,1488942631.298258,,,,,
663,,,,,,1514,,,,1488942631.298271,,,,,
664,,,,,,1514,,,,1488942631.298284,,,,,
665,,,,,,1514,,,,1488942631.298304,,,,,
666,,,,,,1514,,,,1488942631.298317,,,,,
667,,,,,,1514,,,,1488942631.29833,,,,,
668,,,,,,1514,,,,1488942631.298345,,,,,
669,,,,,,1514,,,,1488942631.298357,,,,,
670,,,,,,242,,,,1488942631.298369,,,,,
671,,25110.0,0.0,,17631.0,1514,,,30.0,1488942632.322089,,,,8.0,
672,,,,,,1514,,,,1488942632.32212,,,,,
673,,,,,,1514,,,,1488942632.322124,,,,,
674,,,,,,1514,,,,1488942632.322126,,,,,
675,,,,,,1514,,,,1488942632.322129,,,,,
676,,,,,,1514,,,,1488942632.322133,,,,,
677,,,,,,1514,,,,1488942632.322135,,,,,
678,,,,,,1514,,,,1488942632.322137,,,,,
679,,,,,,1514,,,,1488942632.32214,,,,,
680,,,,,,1514,,,,1488942632.322142,,,,,
681,,,,,,242,,,,1488942632.322145,,,,,
682,,27158.0,0.0,,17631.0,1514,,,30.0,1488942632.322185,,,,0.0,
683,,,,,,1514,,,,1488942632.32223,,,,,
684,,,,,,1514,,,,1488942632.322252,,,,,
685,,,,,,1514,,,,1488942632.32228,,,,,
686,,,,,,1514,,,,1488942632.3223,,,,,
687,,,,,,1514,,,,1488942632.322318,,,,,
688,,,,,,1514,,,,1488942632.322337,,,,,
689,,,,,,1514,,,,1488942632.322353,,,,,
690,,,,,,1514,,,,1488942632.32237,,,,,
691,,,,,,1514,,,,1488942632.322386,,,,,
692,,,,,,242,,,,1488942632.322402,,,,,
693,,41911.0,0.0,,17631.0,1514,,,31.0,1488942633.346035,,,,8.0,
694,,,,,,1514,,,,1488942633.346049,,,,,
695,,,,,,1514,,,,1488942633.346055,,,,,
696,,,,,,1514,,,,1488942633.346057,,,,,
697,,,,,,1514,,,,1488942633.34606,,,,,
698,,,,,,1514,,,,1488942633.346062,,,,,
699,,,,,,1514,,,,1488942633.346098,,,,,
700,,,,,,1514,,,,1488942633.346108,,,,,
701,,,,,,1514,,,,1488942633.34611,,,,,
702,,,,,,1514,,,,1488942633.346113,,,,,
703,,,,,,242,,,,1488942633.346115,,,,,
704,,43959.0,0.0,,17631.0,1514,,,31.0,1488942633.346158,,,,0.0,
705,,,,,,1514,,,,1488942633.346167,,,,,
706,,,,,,1514,,,,1488942633.346169,,,,,
707,,,,,,1514,,,,1488942633.34617,,,,,
708,,,,,,1514,,,,1488942633.346171,,,,,
709,,,,,,1514,,,,1488942633.346172,,,,,
710,,,,,,1514,,,,1488942633.346173,,,,,
711,,,,,,1514,,,,1488942633.346174,,,,,
712,,,,,,1514,,,,1488942633.346175,,,,,
713,,,,,,1514,,,,1488942633.346177,,,,,
714,,,,,,242,,,,1488942633.346178,,,,,
715,,57688.0,0.0,,17631.0,1514,,,32.0,1488942634.370023,,,,8.0,
716,,,,,,1514,,,,1488942634.370046,,,,,
717,,,,,,1514,,,,1488942634.370048,,,,,
718,,,,,,1514,,,,1488942634.37005,,,,,
719,,,,,,1514,,,,1488942634.370056,,,,,
720,,,,,,1514,,,,1488942634.370058,,,,,
721,,,,,,1514,,,,1488942634.37006,,,,,
722,,,,,,1514,,,,1488942634.370061,,,,,
723,,,,,,1514,,,,1488942634.370063,,,,,
724,,,,,,1514,,,,1488942634.370064,,,,,
725,,,,,,242,,,,1488942634.370066,,,,,
726,,59736.0,0.0,,17631.0,1514,,,32.0,1488942634.370099,,,,0.0,
727,,,,,,1514,,,,1488942634.370112,,,,,
728,,,,,,1514,,,,1488942634.370114,,,,,
729,,,,,,1514,,,,1488942634.370115,,,,,
730,,,,,,1514,,,,1488942634.370116,,,,,
731,,,,,,1514,,,,1488942634.370117,,,,,
732,,,,,,1514,,,,1488942634.370119,,,,,
733,,,,,,1514,,,,1488942634.37012,,,,,
734,,,,,,1514,,,,1488942634.370121,,,,,
735,,,,,,1514,,,,1488942634.370122,,,,,
736,,,,,,242,,,,1488942634.370123,,,,,
737,,9978.0,0.0,,17631.0,1514,,,33.0,1488942635.394013,,,,8.0,
738,,,,,,1514,,,,1488942635.394037,,,,,
739,,,,,,1514,,,,1488942635.394041,,,,,
740,,,,,,1514,,,,1488942635.394043,,,,,
741,,,,,,1514,,,,1488942635.394044,,,,,
742,,,,,,1514,,,,1488942635.394047,,,,,
743,,,,,,1514,,,,1488942635.394048,,,,,
744,,,,,,1514,,,,1488942635.394049,,,,,
745,,,,,,1514,,,,1488942635.394051,,,,,
746,,,,,,1514,,,,1488942635.394065,,,,,
747,,,,,,242,,,,1488942635.394068,,,,,
748,,12026.0,0.0,,17631.0,1514,,,33.0,1488942635.394101,,,,0.0,
749,,,,,,1514,,,,1488942635.394111,,,,,
750,,,,,,1514,,,,1488942635.394113,,,,,
751,,,,,,1514,,,,1488942635.394114,,,,,
752,,,,,,1514,,,,1488942635.394115,,,,,
753,,,,,,1514,,,,1488942635.394116,,,,,
754,,,,,,1514,,,,1488942635.394117,,,,,
755,,,,,,1514,,,,1488942635.394118,,,,,
756,,,,,,1514,,,,1488942635.394119,,,,,
757,,,,,,1514,,,,1488942635.39412,,,,,
758,,,,,,242,,,,1488942635.394121,,,,,
759,,24731.0,0.0,,17631.0,1514,,,34.0,1488942636.417905,,,,8.0,
760,,,,,,1514,,,,1488942636.417925,,,,,
761,,,,,,1514,,,,1488942636.417927,,,,,
762,,,,,,1514,,,,1488942636.417929,,,,,
763,,,,,,1514,,,,1488942636.41793,,,,,
764,,,,,,1514,,,,1488942636.417932,,,,,
765,,,,,,1514,,,,1488942636.417947,,,,,
766,,,,,,1514,,,,1488942636.417949,,,,,
767,,,,,,1514,,,,1488942636.417951,,,,,
768,,,,,,1514,,,,1488942636.417953,,,,,
769,,,,,,242,,,,1488942636.417955,,,,,
770,,26779.0,0.0,,17631.0,1514,,,34.0,1488942636.417988,,,,0.0,
771,,,,,,1514,,,,1488942636.417999,,,,,
772,,,,,,1514,,,,1488942636.418,,,,,
773,,,,,,1514,,,,1488942636.418002,,,,,
774,,,,,,1514,,,,1488942636.418003,,,,,
775,,,,,,1514,,,,1488942636.418004,,,,,
776,,,,,,1514,,,,1488942636.418005,,,,,
777,,,,,,1514,,,,1488942636.418006,,,,,
778,,,,,,1514,,,,1488942636.418007,,,,,
779,,,,,,1514,,,,1488942636.418008,,,,,
780,,,,,,242,,,,1488942636.418009,,,,,
781,,41020.0,0.0,,17631.0,1514,,,35.0,1488942637.441877,,,,8.0,
782,,,,,,1514,,,,1488942637.441892,,,,,
783,,,,,,1514,,,,1488942637.441904,,,,,
784,,,,,,1514,,,,1488942637.441907,,,,,
785,,,,,,1514,,,,1488942637.441908,,,,,
786,,,,,,1514,,,,1488942637.44191,,,,,
787,,,,,,1514,,,,1488942637.441941,,,,,
788,,,,,,1514,,,,1488942637.441944,,,,,
789,,,,,,1514,,,,1488942637.441946,,,,,
790,,,,,,1514,,,,1488942637.441947,,,,,
791,,,,,,242,,,,1488942637.441949,,,,,
792,,43068.0,0.0,,17631.0,1514,,,35.0,1488942637.441983,,,,0.0,
793,,,,,,1514,,,,1488942637.441992,,,,,
794,,,,,,1514,,,,1488942637.441993,,,,,
795,,,,,,1514,,,,1488942637.441994,,,,,
796,,,,,,1514,,,,1488942637.441996,,,,,
797,,,,,,1514,,,,1488942637.441997,,,,,
798,,,,,,1514,,,,1488942637.441998,,,,,
799,,,,,,1514,,,,1488942637.441999,,,,,
800,,,,,,1514,,,,1488942637.442,,,,,
801,,,,,,1514,,,,1488942637.442001,,,,,
802,,,,,,242,,,,1488942637.442002,,,,,
803,,63441.0,0.0,,1.0,60,,,45.0,1488942656.306623,,,,8.0,
804,,65489.0,0.0,,1.0,42,,,45.0,1488942656.306658,,,,0.0,
805,,63440.0,0.0,,1.0,60,,,46.0,1488942657.296782,,,,8.0,
806,,65488.0,0.0,,1.0,42,,,46.0,1488942657.296813,,,,0.0,
807,,63439.0,0.0,,1.0,60,,,47.0,1488942658.296734,,,,8.0,
808,,65487.0,0.0,,1.0,42,,,47.0,1488942658.296764,,,,0.0,
809,,63438.0,0.0,,1.0,60,,,48.0,1488942659.296749,,,,8.0,
810,,65486.0,0.0,,1.0,42,,,48.0,1488942659.296776,,,,0.0,
811,,63437.0,0.0,,1.0,60,,,49.0,1488942669.010335,,,,8.0,
812,,65485.0,0.0,,1.0,42,,,49.0,1488942669.010372,,,,0.0,
813,,63436.0,0.0,,1.0,60,,,50.0,1488942669.999846,,,,8.0,
814,,65484.0,0.0,,1.0,42,,,50.0,1488942669.999868,,,,0.0,
815,,63435.0,0.0,,1.0,60,,,51.0,1488942670.999826,,,,8.0,
816,,65483.0,0.0,,1.0,42,,,51.0,1488942670.999859,,,,0.0,
817,,63434.0,0.0,,1.0,60,,,52.0,1488942671.999796,,,,8.0,
818,,65482.0,0.0,,1.0,42,,,52.0,1488942671.999823,,,,0.0,
819,,15689.0,0.0,,17635.0,1514,,,1.0,1488942676.514334,,,,8.0,
820,,,,,,1514,,,,1488942676.514346,,,,,
821,,,,,,1514,,,,1488942676.514355,,,,,
822,,,,,,1514,,,,1488942676.514358,,,,,
823,,,,,,1514,,,,1488942676.51436,,,,,
824,,,,,,1514,,,,1488942676.514362,,,,,
825,,,,,,1514,,,,1488942676.514364,,,,,
826,,,,,,1514,,,,1488942676.514366,,,,,
827,,,,,,1514,,,,1488942676.51437,,,,,
828,,,,,,1514,,,,1488942676.514372,,,,,
829,,,,,,1514,,,,1488942676.514428,,,,,
830,,,,,,1514,,,,1488942676.514432,,,,,
831,,,,,,1514,,,,1488942676.514435,,,,,
832,,,,,,1514,,,,1488942676.514437,,,,,
833,,,,,,1514,,,,1488942676.514472,,,,,
834,,,,,,1514,,,,1488942676.514474,,,,,
835,,,,,,1514,,,,1488942676.514476,,,,,
836,,,,,,1514,,,,1488942676.514478,,,,,
837,,,,,,1514,,,,1488942676.514525,,,,,
838,,,,,,1514,,,,1488942676.514528,,,,,
839,,,,,,1514,,,,1488942676.514548,,,,,
840,,,,,,1514,,,,1488942676.51455,,,,,
841,,,,,,1514,,,,1488942676.514571,,,,,
842,,,,,,1514,,,,1488942676.514585,,,,,
843,,,,,,1514,,,,1488942676.514588,,,,,
844,,,,,,1514,,,,1488942676.514595,,,,,
845,,,,,,1514,,,,1488942676.514631,,,,,
846,,,,,,1514,,,,1488942676.514633,,,,,
847,,,,,,1514,,,,1488942676.514638,,,,,
848,,,,,,1514,,,,1488942676.51464,,,,,
849,,,,,,1514,,,,1488942676.514643,,,,,
850,,,,,,1514,,,,1488942676.514685,,,,,
851,,,,,,1514,,,,1488942676.514688,,,,,
852,,,,,,1514,,,,1488942676.514693,,,,,
853,,,,,,1514,,,,1488942676.514695,,,,,
854,,,,,,1514,,,,1488942676.514732,,,,,
855,,,,,,1514,,,,1488942676.514735,,,,,
856,,,,,,282,,,,1488942676.514737,,,,,
857,,17737.0,0.0,,17635.0,1514,,,1.0,1488942676.514814,,,,0.0,
858,,,,,,1514,,,,1488942676.514826,,,,,
859,,,,,,1514,,,,1488942676.514827,,,,,
860,,,,,,1514,,,,1488942676.514831,,,,,
861,,,,,,1514,,,,1488942676.514833,,,,,
862,,,,,,1514,,,,1488942676.514834,,,,,
863,,,,,,1514,,,,1488942676.514837,,,,,
864,,,,,,1514,,,,1488942676.514838,,,,,
865,,,,,,1514,,,,1488942676.514841,,,,,
866,,,,,,1514,,,,1488942676.514843,,,,,
867,,,,,,1514,,,,1488942676.514844,,,,,
868,,,,,,1514,,,,1488942676.514847,,,,,
869,,,,,,1514,,,,1488942676.514848,,,,,
870,,,,,,1514,,,,1488942676.514851,,,,,
871,,,,,,1514,,,,1488942676.514853,,,,,
872,,,,,,1514,,,,1488942676.514854,,,,,
873,,,,,,1514,,,,1488942676.514856,,,,,
874,,,,,,1514,,,,1488942676.514858,,,,,
875,,,,,,1514,,,,1488942676.514862,,,,,
876,,,,,,1514,,,,1488942676.514865,,,,,
877,,,,,,1514,,,,1488942676.514867,,,,,
878,,,,,,1514,,,,1488942676.51487,,,,,
879,,,,,,1514,,,,1488942676.514871,,,,,
880,,,,,,1514,,,,1488942676.514872,,,,,
881,,,,,,1514,,,,1488942676.514876,,,,,
882,,,,,,1514,,,,1488942676.514878,,,,,
883,,,,,,1514,,,,1488942676.514882,,,,,
884,,,,,,1514,,,,1488942676.514884,,,,,
885,,,,,,1514,,,,1488942676.514885,,,,,
886,,,,,,1514,,,,1488942676.514888,,,,,
887,,,,,,1514,,,,1488942676.514889,,,,,
888,,,,,,1514,,,,1488942676.514892,,,,,
889,,,,,,1514,,,,1488942676.514894,,,,,
890,,,,,,1514,,,,1488942676.514895,,,,,
891,,,,,,1514,,,,1488942676.514898,,,,,
892,,,,,,1514,,,,1488942676.514899,,,,,
893,,,,,,1514,,,,1488942676.514902,,,,,
894,,,,,,282,,,,1488942676.514903,,,,,
895,,27201.0,0.0,,17635.0,1514,,,2.0,1488942677.516011,,,,8.0,
896,,,,,,1514,,,,1488942677.51603,,,,,
897,,,,,,1514,,,,1488942677.516035,,,,,
898,,,,,,1514,,,,1488942677.516037,,,,,
899,,,,,,1514,,,,1488942677.516039,,,,,
900,,,,,,1514,,,,1488942677.51604,,,,,
901,,,,,,1514,,,,1488942677.516042,,,,,
902,,,,,,1514,,,,1488942677.516043,,,,,
903,,,,,,1514,,,,1488942677.516046,,,,,
904,,,,,,1514,,,,1488942677.516047,,,,,
905,,,,,,1514,,,,1488942677.516106,,,,,
906,,,,,,1514,,,,1488942677.516109,,,,,
907,,,,,,1514,,,,1488942677.516112,,,,,
908,,,,,,1514,,,,1488942677.516114,,,,,
909,,,,,,1514,,,,1488942677.516148,,,,,
910,,,,,,1514,,,,1488942677.51615,,,,,
911,,,,,,1514,,,,1488942677.516152,,,,,
912,,,,,,1514,,,,1488942677.516153,,,,,
913,,,,,,1514,,,,1488942677.516208,,,,,
914,,,,,,1514,,,,1488942677.516219,,,,,
915,,,,,,1514,,,,1488942677.516221,,,,,
916,,,,,,1514,,,,1488942677.516223,,,,,
917,,,,,,1514,,,,1488942677.51627,,,,,
918,,,,,,1514,,,,1488942677.516273,,,,,
919,,,,,,1514,,,,1488942677.516275,,,,,
920,,,,,,1514,,,,1488942677.516277,,,,,
921,,,,,,1514,,,,1488942677.516278,,,,,
922,,,,,,1514,,,,1488942677.516302,,,,,
923,,,,,,1514,,,,1488942677.516304,,,,,
924,,,,,,1514,,,,1488942677.516306,,,,,
925,,,,,,1514,,,,1488942677.516307,,,,,
926,,,,,,1514,,,,1488942677.516355,,,,,
927,,,,,,1514,,,,1488942677.516358,,,,,
928,,,,,,1514,,,,1488942677.51636,,,,,
929,,,,,,1514,,,,1488942677.516361,,,,,
930,,,,,,1514,,,,1488942677.516396,,,,,
931,,,,,,1514,,,,1488942677.516404,,,,,
932,,,,,,282,,,,1488942677.516405,,,,,
933,,29249.0,0.0,,17635.0,1514,,,2.0,1488942677.516479,,,,0.0,
934,,,,,,1514,,,,1488942677.516488,,,,,
935,,,,,,1514,,,,1488942677.51649,,,,,
936,,,,,,1514,,,,1488942677.516491,,,,,
937,,,,,,1514,,,,1488942677.516492,,,,,
938,,,,,,1514,,,,1488942677.516493,,,,,
939,,,,,,1514,,,,1488942677.516494,,,,,
940,,,,,,1514,,,,1488942677.516495,,,,,
941,,,,,,1514,,,,1488942677.516497,,,,,
942,,,,,,1514,,,,1488942677.516498,,,,,
943,,,,,,1514,,,,1488942677.516499,,,,,
944,,,,,,1514,,,,1488942677.5165,,,,,
945,,,,,,1514,,,,1488942677.516501,,,,,
946,,,,,,1514,,,,1488942677.516502,,,,,
947,,,,,,1514,,,,1488942677.516503,,,,,
948,,,,,,1514,,,,1488942677.516505,,,,,
949,,,,,,1514,,,,1488942677.516506,,,,,
950,,,,,,1514,,,,1488942677.516507,,,,,
951,,,,,,1514,,,,1488942677.516508,,,,,
952,,,,,,1514,,,,1488942677.516509,,,,,
953,,,,,,1514,,,,1488942677.51651,,,,,
954,,,,,,1514,,,,1488942677.516511,,,,,
955,,,,,,1514,,,,1488942677.516512,,,,,
956,,,,,,1514,,,,1488942677.516513,,,,,
957,,,,,,1514,,,,1488942677.516514,,,,,
958,,,,,,1514,,,,1488942677.516515,,,,,
959,,,,,,1514,,,,1488942677.516516,,,,,
960,,,,,,1514,,,,1488942677.516517,,,,,
961,,,,,,1514,,,,1488942677.516518,,,,,
962,,,,,,1514,,,,1488942677.516519,,,,,
963,,,,,,1514,,,,1488942677.51652,,,,,
964,,,,,,1514,,,,1488942677.516521,,,,,
965,,,,,,1514,,,,1488942677.516522,,,,,
966,,,,,,1514,,,,1488942677.516524,,,,,
967,,,,,,1514,,,,1488942677.516524,,,,,
968,,,,,,1514,,,,1488942677.516526,,,,,
969,,,,,,1514,,,,1488942677.516526,,,,,
970,,,,,,282,,,,1488942677.516527,,,,,
971,,58681.0,0.0,,17635.0,1514,,,3.0,1488942678.517614,,,,8.0,
972,,,,,,1514,,,,1488942678.517628,,,,,
973,,,,,,1514,,,,1488942678.517631,,,,,
974,,,,,,1514,,,,1488942678.517633,,,,,
975,,,,,,1514,,,,1488942678.517645,,,,,
976,,,,,,1514,,,,1488942678.517647,,,,,
977,,,,,,1514,,,,1488942678.517681,,,,,
978,,,,,,1514,,,,1488942678.517683,,,,,
979,,,,,,1514,,,,1488942678.517685,,,,,
980,,,,,,1514,,,,1488942678.517686,,,,,
981,,,,,,1514,,,,1488942678.517733,,,,,
982,,,,,,1514,,,,1488942678.517736,,,,,
983,,,,,,1514,,,,1488942678.517738,,,,,
984,,,,,,1514,,,,1488942678.51774,,,,,
985,,,,,,1514,,,,1488942678.517788,,,,,
986,,,,,,1514,,,,1488942678.517791,,,,,
987,,,,,,1514,,,,1488942678.517793,,,,,
988,,,,,,1514,,,,1488942678.517795,,,,,
989,,,,,,1514,,,,1488942678.517797,,,,,
990,,,,,,1514,,,,1488942678.517826,,,,,
991,,,,,,1514,,,,1488942678.517829,,,,,
992,,,,,,1514,,,,1488942678.517831,,,,,
993,,,,,,1514,,,,1488942678.517884,,,,,
994,,,,,,1514,,,,1488942678.517886,,,,,
995,,,,,,1514,,,,1488942678.517888,,,,,
996,,,,,,1514,,,,1488942678.517891,,,,,
997,,,,,,1514,,,,1488942678.517893,,,,,
998,,,,,,1514,,,,1488942678.517928,,,,,
999,,,,,,1514,,,,1488942678.517931,,,,,
1000,,,,,,1514,,,,1488942678.517937,,,,,
1001,,,,,,1514,,,,1488942678.517939,,,,,
1002,,,,,,1514,,,,1488942678.517982,,,,,
1003,,,,,,1514,,,,1488942678.517984,,,,,
1004,,,,,,1514,,,,1488942678.517986,,,,,
1005,,,,,,1514,,,,1488942678.517988,,,,,
1006,,,,,,1514,,,,1488942678.518026,,,,,
1007,,,,,,1514,,,,1488942678.518029,,,,,
1008,,,,,,282,,,,1488942678.518031,,,,,
1009,,60729.0,0.0,,17635.0,1514,,,3.0,1488942678.518112,,,,0.0,
1010,,,,,,1514,,,,1488942678.518122,,,,,
1011,,,,,,1514,,,,1488942678.518124,,,,,
1012,,,,,,1514,,,,1488942678.518125,,,,,
1013,,,,,,1514,,,,1488942678.518126,,,,,
1014,,,,,,1514,,,,1488942678.518127,,,,,
1015,,,,,,1514,,,,1488942678.518128,,,,,
1016,,,,,,1514,,,,1488942678.518129,,,,,
1017,,,,,,1514,,,,1488942678.51813,,,,,
1018,,,,,,1514,,,,1488942678.518132,,,,,
1019,,,,,,1514,,,,1488942678.518133,,,,,
1020,,,,,,1514,,,,1488942678.518134,,,,,
1021,,,,,,1514,,,,1488942678.518135,,,,,
1022,,,,,,1514,,,,1488942678.518136,,,,,
1023,,,,,,1514,,,,1488942678.518137,,,,,
1024,,,,,,1514,,,,1488942678.518138,,,,,
1025,,,,,,1514,,,,1488942678.518139,,,,,
1026,,,,,,1514,,,,1488942678.51814,,,,,
1027,,,,,,1514,,,,1488942678.518141,,,,,
1028,,,,,,1514,,,,1488942678.518142,,,,,
1029,,,,,,1514,,,,1488942678.518143,,,,,
1030,,,,,,1514,,,,1488942678.518144,,,,,
1031,,,,,,1514,,,,1488942678.518146,,,,,
1032,,,,,,1514,,,,1488942678.518147,,,,,
1033,,,,,,1514,,,,1488942678.518148,,,,,
1034,,,,,,1514,,,,1488942678.518149,,,,,
1035,,,,,,1514,,,,1488942678.51815,,,,,
1036,,,,,,1514,,,,1488942678.51815,,,,,
1037,,,,,,1514,,,,1488942678.518152,,,,,
1038,,,,,,1514,,,,1488942678.518152,,,,,
1039,,,,,,1514,,,,1488942678.518153,,,,,
1040,,,,,,1514,,,,1488942678.518155,,,,,
1041,,,,,,1514,,,,1488942678.518159,,,,,
1042,,,,,,1514,,,,1488942678.51816,,,,,
1043,,,,,,1514,,,,1488942678.518161,,,,,
1044,,,,,,1514,,,,1488942678.518162,,,,,
1045,,,,,,1514,,,,1488942678.518163,,,,,
1046,,,,,,282,,,,1488942678.518164,,,,,
1047,,9778.0,0.0,,17635.0,1514,,,4.0,1488942679.519345,,,,8.0,
1048,,,,,,1514,,,,1488942679.519357,,,,,
1049,,,,,,1514,,,,1488942679.51936,,,,,
1050,,,,,,1514,,,,1488942679.519362,,,,,
1051,,,,,,1514,,,,1488942679.519367,,,,,
1052,,,,,,1514,,,,1488942679.519369,,,,,
1053,,,,,,1514,,,,1488942679.519371,,,,,
1054,,,,,,1514,,,,1488942679.519412,,,,,
1055,,,,,,1514,,,,1488942679.519414,,,,,
1056,,,,,,1514,,,,1488942679.519416,,,,,
1057,,,,,,1514,,,,1488942679.519463,,,,,
1058,,,,,,1514,,,,1488942679.519466,,,,,
1059,,,,,,1514,,,,1488942679.519469,,,,,
1060,,,,,,1514,,,,1488942679.519471,,,,,
1061,,,,,,1514,,,,1488942679.519509,,,,,
1062,,,,,,1514,,,,1488942679.519511,,,,,
1063,,,,,,1514,,,,1488942679.519519,,,,,
1064,,,,,,1514,,,,1488942679.519521,,,,,
1065,,,,,,1514,,,,1488942679.51956,,,,,
1066,,,,,,1514,,,,1488942679.519564,,,,,
1067,,,,,,1514,,,,1488942679.519566,,,,,
1068,,,,,,1514,,,,1488942679.519568,,,,,
1069,,,,,,1514,,,,1488942679.519609,,,,,
1070,,,,,,1514,,,,1488942679.519611,,,,,
1071,,,,,,1514,,,,1488942679.519614,,,,,
1072,,,,,,1514,,,,1488942679.519616,,,,,
1073,,,,,,1514,,,,1488942679.519659,,,,,
1074,,,,,,1514,,,,1488942679.519661,,,,,
1075,,,,,,1514,,,,1488942679.519662,,,,,
1076,,,,,,1514,,,,1488942679.519664,,,,,
1077,,,,,,1514,,,,1488942679.519665,,,,,
1078,,,,,,1514,,,,1488942679.519713,,,,,
1079,,,,,,1514,,,,1488942679.519717,,,,,
1080,,,,,,1514,,,,1488942679.519719,,,,,
1081,,,,,,1514,,,,1488942679.519721,,,,,
1082,,,,,,1514,,,,1488942679.519756,,,,,
1083,,,,,,1514,,,,1488942679.519758,,,,,
1084,,,,,,282,,,,1488942679.519759,,,,,
1085,,11826.0,0.0,,17635.0,1514,,,4.0,1488942679.519818,,,,0.0,
1086,,,,,,1514,,,,1488942679.519827,,,,,
1087,,,,,,1514,,,,1488942679.519829,,,,,
1088,,,,,,1514,,,,1488942679.51983,,,,,
1089,,,,,,1514,,,,1488942679.519831,,,,,
1090,,,,,,1514,,,,1488942679.519832,,,,,
1091,,,,,,1514,,,,1488942679.519833,,,,,
1092,,,,,,1514,,,,1488942679.519834,,,,,
1093,,,,,,1514,,,,1488942679.519836,,,,,
1094,,,,,,1514,,,,1488942679.519837,,,,,
1095,,,,,,1514,,,,1488942679.519838,,,,,
1096,,,,,,1514,,,,1488942679.519839,,,,,
1097,,,,,,1514,,,,1488942679.51984,,,,,
1098,,,,,,1514,,,,1488942679.519841,,,,,
1099,,,,,,1514,,,,1488942679.519842,,,,,
1100,,,,,,1514,,,,1488942679.519843,,,,,
1101,,,,,,1514,,,,1488942679.519845,,,,,
1102,,,,,,1514,,,,1488942679.519846,,,,,
1103,,,,,,1514,,,,1488942679.519847,,,,,
1104,,,,,,1514,,,,1488942679.519848,,,,,
1105,,,,,,1514,,,,1488942679.519849,,,,,
1106,,,,,,1514,,,,1488942679.51985,,,,,
1107,,,,,,1514,,,,1488942679.519851,,,,,
1108,,,,,,1514,,,,1488942679.519852,,,,,
1109,,,,,,1514,,,,1488942679.519853,,,,,
1110,,,,,,1514,,,,1488942679.519854,,,,,
1111,,,,,,1514,,,,1488942679.519855,,,,,
1112,,,,,,1514,,,,1488942679.519856,,,,,
1113,,,,,,1514,,,,1488942679.519857,,,,,
1114,,,,,,1514,,,,1488942679.519858,,,,,
1115,,,,,,1514,,,,1488942679.519859,,,,,
1116,,,,,,1514,,,,1488942679.51986,,,,,
1117,,,,,,1514,,,,1488942679.519861,,,,,
1118,,,,,,1514,,,,1488942679.519866,,,,,
1119,,,,,,1514,,,,1488942679.519867,,,,,
1120,,,,,,1514,,,,1488942679.519868,,,,,
1121,,,,,,1514,,,,1488942679.519869,,,,,
1122,,,,,,282,,,,1488942679.51987,,,,,
1123,,27178.0,0.0,,17635.0,1514,,,5.0,1488942680.520989,,,,8.0,
1124,,,,,,1514,,,,1488942680.521003,,,,,
1125,,,,,,1514,,,,1488942680.52101,,,,,
1126,,,,,,1514,,,,1488942680.521012,,,,,
1127,,,,,,1514,,,,1488942680.521015,,,,,
1128,,,,,,1514,,,,1488942680.521017,,,,,
1129,,,,,,1514,,,,1488942680.521019,,,,,
1130,,,,,,1514,,,,1488942680.521051,,,,,
1131,,,,,,1514,,,,1488942680.521053,,,,,
1132,,,,,,1514,,,,1488942680.521055,,,,,
1133,,,,,,1514,,,,1488942680.52111,,,,,
1134,,,,,,1514,,,,1488942680.521113,,,,,
1135,,,,,,1514,,,,1488942680.521116,,,,,
1136,,,,,,1514,,,,1488942680.521124,,,,,
1137,,,,,,1514,,,,1488942680.521148,,,,,
1138,,,,,,1514,,,,1488942680.521151,,,,,
1139,,,,,,1514,,,,1488942680.521152,,,,,
1140,,,,,,1514,,,,1488942680.521154,,,,,
1141,,,,,,1514,,,,1488942680.521201,,,,,
1142,,,,,,1514,,,,1488942680.521206,,,,,
1143,,,,,,1514,,,,1488942680.521208,,,,,
1144,,,,,,1514,,,,1488942680.52121,,,,,
1145,,,,,,1514,,,,1488942680.521254,,,,,
1146,,,,,,1514,,,,1488942680.521257,,,,,
1147,,,,,,1514,,,,1488942680.521259,,,,,
1148,,,,,,1514,,,,1488942680.521261,,,,,
1149,,,,,,1514,,,,1488942680.521263,,,,,
1150,,,,,,1514,,,,1488942680.521299,,,,,
1151,,,,,,1514,,,,1488942680.521301,,,,,
1152,,,,,,1514,,,,1488942680.521303,,,,,
1153,,,,,,1514,,,,1488942680.521358,,,,,
1154,,,,,,1514,,,,1488942680.521361,,,,,
1155,,,,,,1514,,,,1488942680.521364,,,,,
1156,,,,,,1514,,,,1488942680.521366,,,,,
1157,,,,,,1514,,,,1488942680.521368,,,,,
1158,,,,,,1514,,,,1488942680.521391,,,,,
1159,,,,,,1514,,,,1488942680.521406,,,,,
1160,,,,,,282,,,,1488942680.521407,,,,,
1161,,29226.0,0.0,,17635.0,1514,,,5.0,1488942680.521469,,,,0.0,
1162,,,,,,1514,,,,1488942680.52151,,,,,
1163,,,,,,1514,,,,1488942680.521523,,,,,
1164,,,,,,1514,,,,1488942680.521535,,,,,
1165,,,,,,1514,,,,1488942680.521546,,,,,
1166,,,,,,1514,,,,1488942680.521564,,,,,
1167,,,,,,1514,,,,1488942680.521576,,,,,
1168,,,,,,1514,,,,1488942680.521587,,,,,
1169,,,,,,1514,,,,1488942680.521599,,,,,
1170,,,,,,1514,,,,1488942680.521612,,,,,
1171,,,,,,1514,,,,1488942680.521624,,,,,
1172,,,,,,1514,,,,1488942680.521635,,,,,
1173,,,,,,1514,,,,1488942680.521645,,,,,
1174,,,,,,1514,,,,1488942680.521657,,,,,
1175,,,,,,1514,,,,1488942680.521668,,,,,
1176,,,,,,1514,,,,1488942680.521679,,,,,
1177,,,,,,1514,,,,1488942680.521697,,,,,
1178,,,,,,1514,,,,1488942680.521711,,,,,
1179,,,,,,1514,,,,1488942680.521723,,,,,
1180,,,,,,1514,,,,1488942680.521734,,,,,
1181,,,,,,1514,,,,1488942680.521746,,,,,
1182,,,,,,1514,,,,1488942680.521759,,,,,
1183,,,,,,1514,,,,1488942680.521771,,,,,
1184,,,,,,1514,,,,1488942680.521783,,,,,
1185,,,,,,1514,,,,1488942680.521795,,,,,
1186,,,,,,1514,,,,1488942680.521809,,,,,
1187,,,,,,1514,,,,1488942680.521821,,,,,
1188,,,,,,1514,,,,1488942680.521833,,,,,
1189,,,,,,1514,,,,1488942680.521844,,,,,
1190,,,,,,1514,,,,1488942680.521857,,,,,
1191,,,,,,1514,,,,1488942680.521869,,,,,
1192,,,,,,1514,,,,1488942680.521881,,,,,
1193,,,,,,1514,,,,1488942680.521893,,,,,
1194,,,,,,1514,,,,1488942680.521905,,,,,
1195,,,,,,1514,,,,1488942680.521917,,,,,
1196,,,,,,1514,,,,1488942680.521929,,,,,
1197,,,,,,1514,,,,1488942680.52194,,,,,
1198,,,,,,282,,,,1488942680.521952,,,,,
1199,,62498.0,0.0,,17635.0,1514,,,6.0,1488942681.522619,,,,8.0,
1200,,,,,,1514,,,,1488942681.522631,,,,,
1201,,,,,,1514,,,,1488942681.52264,,,,,
1202,,,,,,1514,,,,1488942681.522643,,,,,
1203,,,,,,1514,,,,1488942681.52265,,,,,
1204,,,,,,1514,,,,1488942681.522664,,,,,
1205,,,,,,1514,,,,1488942681.522671,,,,,
1206,,,,,,1514,,,,1488942681.522676,,,,,
1207,,,,,,1514,,,,1488942681.522682,,,,,
1208,,,,,,1514,,,,1488942681.522685,,,,,
1209,,,,,,1514,,,,1488942681.52273,,,,,
1210,,,,,,1514,,,,1488942681.522734,,,,,
1211,,,,,,1514,,,,1488942681.522739,,,,,
1212,,,,,,1514,,,,1488942681.522742,,,,,
1213,,,,,,1514,,,,1488942681.522772,,,,,
1214,,,,,,1514,,,,1488942681.522776,,,,,
1215,,,,,,1514,,,,1488942681.522779,,,,,
1216,,,,,,1514,,,,1488942681.522781,,,,,
1217,,,,,,1514,,,,1488942681.522823,,,,,
1218,,,,,,1514,,,,1488942681.522827,,,,,
1219,,,,,,1514,,,,1488942681.522829,,,,,
1220,,,,,,1514,,,,1488942681.522832,,,,,
1221,,,,,,1514,,,,1488942681.522873,,,,,
1222,,,,,,1514,,,,1488942681.522878,,,,,
1223,,,,,,1514,,,,1488942681.52288,,,,,
1224,,,,,,1514,,,,1488942681.522882,,,,,
1225,,,,,,1514,,,,1488942681.522922,,,,,
1226,,,,,,1514,,,,1488942681.522926,,,,,
1227,,,,,,1514,,,,1488942681.522928,,,,,
1228,,,,,,1514,,,,1488942681.522932,,,,,
1229,,,,,,1514,,,,1488942681.522972,,,,,
1230,,,,,,1514,,,,1488942681.522976,,,,,
1231,,,,,,1514,,,,1488942681.522978,,,,,
1232,,,,,,1514,,,,1488942681.522982,,,,,
1233,,,,,,1514,,,,1488942681.52302,,,,,
1234,,,,,,1514,,,,1488942681.523024,,,,,
1235,,,,,,1514,,,,1488942681.523026,,,,,
1236,,,,,,282,,,,1488942681.523028,,,,,
1237,,64546.0,0.0,,17635.0,1514,,,6.0,1488942681.523107,,,,0.0,
1238,,,,,,1514,,,,1488942681.523121,,,,,
1239,,,,,,1514,,,,1488942681.523124,,,,,
1240,,,,,,1514,,,,1488942681.523126,,,,,
1241,,,,,,1514,,,,1488942681.523127,,,,,
1242,,,,,,1514,,,,1488942681.523129,,,,,
1243,,,,,,1514,,,,1488942681.52313,,,,,
1244,,,,,,1514,,,,1488942681.523137,,,,,
1245,,,,,,1514,,,,1488942681.523139,,,,,
1246,,,,,,1514,,,,1488942681.52314,,,,,
1247,,,,,,1514,,,,1488942681.523142,,,,,
1248,,,,,,1514,,,,1488942681.523148,,,,,
1249,,,,,,1514,,,,1488942681.52315,,,,,
1250,,,,,,1514,,,,1488942681.523154,,,,,
1251,,,,,,1514,,,,1488942681.52317,,,,,
1252,,,,,,1514,,,,1488942681.523176,,,,,
1253,,,,,,1514,,,,1488942681.523178,,,,,
1254,,,,,,1514,,,,1488942681.523184,,,,,
1255,,,,,,1514,,,,1488942681.523186,,,,,
1256,,,,,,1514,,,,1488942681.523191,,,,,
1257,,,,,,1514,,,,1488942681.523193,,,,,
1258,,,,,,1514,,,,1488942681.523195,,,,,
1259,,,,,,1514,,,,1488942681.5232,,,,,
1260,,,,,,1514,,,,1488942681.523202,,,,,
1261,,,,,,1514,,,,1488942681.523204,,,,,
1262,,,,,,1514,,,,1488942681.523205,,,,,
1263,,,,,,1514,,,,1488942681.523207,,,,,
1264,,,,,,1514,,,,1488942681.523208,,,,,
1265,,,,,,1514,,,,1488942681.523235,,,,,
1266,,,,,,1514,,,,1488942681.523237,,,,,
1267,,,,,,1514,,,,1488942681.523243,,,,,
1268,,,,,,1514,,,,1488942681.523244,,,,,
1269,,,,,,1514,,,,1488942681.523246,,,,,
1270,,,,,,1514,,,,1488942681.523248,,,,,
1271,,,,,,1514,,,,1488942681.523249,,,,,
1272,,,,,,1514,,,,1488942681.523251,,,,,
1273,,,,,,1514,,,,1488942681.523253,,,,,
1274,,,,,,282,,,,1488942681.523255,,,,,
1275,,12059.0,0.0,,17635.0,1514,,,7.0,1488942682.52435,,,,8.0,
1276,,,,,,1514,,,,1488942682.524364,,,,,
1277,,,,,,1514,,,,1488942682.524367,,,,,
1278,,,,,,1514,,,,1488942682.524369,,,,,
1279,,,,,,1514,,,,1488942682.524371,,,,,
1280,,,,,,1514,,,,1488942682.524374,,,,,
1281,,,,,,1514,,,,1488942682.524389,,,,,
1282,,,,,,1514,,,,1488942682.524391,,,,,
1283,,,,,,1514,,,,1488942682.524394,,,,,
1284,,,,,,1514,,,,1488942682.524396,,,,,
1285,,,,,,1514,,,,1488942682.524451,,,,,
1286,,,,,,1514,,,,1488942682.524455,,,,,
1287,,,,,,1514,,,,1488942682.524457,,,,,
1288,,,,,,1514,,,,1488942682.52446,,,,,
1289,,,,,,1514,,,,1488942682.524517,,,,,
1290,,,,,,1514,,,,1488942682.524521,,,,,
1291,,,,,,1514,,,,1488942682.524523,,,,,
1292,,,,,,1514,,,,1488942682.524526,,,,,
1293,,,,,,1514,,,,1488942682.524545,,,,,
1294,,,,,,1514,,,,1488942682.52455,,,,,
1295,,,,,,1514,,,,1488942682.524553,,,,,
1296,,,,,,1514,,,,1488942682.524557,,,,,
1297,,,,,,1514,,,,1488942682.524595,,,,,
1298,,,,,,1514,,,,1488942682.524601,,,,,
1299,,,,,,1514,,,,1488942682.524605,,,,,
1300,,,,,,1514,,,,1488942682.524608,,,,,
1301,,,,,,1514,,,,1488942682.524652,,,,,
1302,,,,,,1514,,,,1488942682.524656,,,,,
1303,,,,,,1514,,,,1488942682.52466,,,,,
1304,,,,,,1514,,,,1488942682.524662,,,,,
1305,,,,,,1514,,,,1488942682.524664,,,,,
1306,,,,,,1514,,,,1488942682.5247,,,,,
1307,,,,,,1514,,,,1488942682.524703,,,,,
1308,,,,,,1514,,,,1488942682.524706,,,,,
1309,,,,,,1514,,,,1488942682.524708,,,,,
1310,,,,,,1514,,,,1488942682.524743,,,,,
1311,,,,,,1514,,,,1488942682.524748,,,,,
1312,,,,,,282,,,,1488942682.524749,,,,,
1313,,14107.0,0.0,,17635.0,1514,,,7.0,1488942682.524839,,,,0.0,
1314,,,,,,1514,,,,1488942682.524852,,,,,
1315,,,,,,1514,,,,1488942682.524854,,,,,
1316,,,,,,1514,,,,1488942682.524855,,,,,
1317,,,,,,1514,,,,1488942682.524857,,,,,
1318,,,,,,1514,,,,1488942682.524858,,,,,
1319,,,,,,1514,,,,1488942682.524859,,,,,
1320,,,,,,1514,,,,1488942682.52486,,,,,
1321,,,,,,1514,,,,1488942682.524861,,,,,
1322,,,,,,1514,,,,1488942682.524862,,,,,
1323,,,,,,1514,,,,1488942682.524863,,,,,
1324,,,,,,1514,,,,1488942682.524864,,,,,
1325,,,,,,1514,,,,1488942682.524866,,,,,
1326,,,,,,1514,,,,1488942682.524867,,,,,
1327,,,,,,1514,,,,1488942682.524868,,,,,
1328,,,,,,1514,,,,1488942682.524869,,,,,
1329,,,,,,1514,,,,1488942682.52487,,,,,
1330,,,,,,1514,,,,1488942682.524871,,,,,
1331,,,,,,1514,,,,1488942682.524872,,,,,
1332,,,,,,1514,,,,1488942682.524874,,,,,
1333,,,,,,1514,,,,1488942682.524875,,,,,
1334,,,,,,1514,,,,1488942682.524876,,,,,
1335,,,,,,1514,,,,1488942682.524877,,,,,
1336,,,,,,1514,,,,1488942682.524878,,,,,
1337,,,,,,1514,,,,1488942682.524879,,,,,
1338,,,,,,1514,,,,1488942682.52488,,,,,
1339,,,,,,1514,,,,1488942682.524881,,,,,
1340,,,,,,1514,,,,1488942682.524882,,,,,
1341,,,,,,1514,,,,1488942682.524883,,,,,
1342,,,,,,1514,,,,1488942682.524888,,,,,
1343,,,,,,1514,,,,1488942682.524889,,,,,
1344,,,,,,1514,,,,1488942682.52489,,,,,
1345,,,,,,1514,,,,1488942682.524891,,,,,
1346,,,,,,1514,,,,1488942682.524893,,,,,
1347,,,,,,1514,,,,1488942682.524894,,,,,
1348,,,,,,1514,,,,1488942682.524895,,,,,
1349,,,,,,1514,,,,1488942682.524896,,,,,
1350,,,,,,282,,,,1488942682.524896,,,,,
1351,,17939.0,0.0,,17635.0,1514,,,8.0,1488942683.526013,,,,8.0,
1352,,,,,,1514,,,,1488942683.526025,,,,,
1353,,,,,,1514,,,,1488942683.526027,,,,,
1354,,,,,,1514,,,,1488942683.526029,,,,,
1355,,,,,,1514,,,,1488942683.526031,,,,,
1356,,,,,,1514,,,,1488942683.526032,,,,,
1357,,,,,,1514,,,,1488942683.526085,,,,,
1358,,,,,,1514,,,,1488942683.526087,,,,,
1359,,,,,,1514,,,,1488942683.526094,,,,,
1360,,,,,,1514,,,,1488942683.526098,,,,,
1361,,,,,,1514,,,,1488942683.526133,,,,,
1362,,,,,,1514,,,,1488942683.526137,,,,,
1363,,,,,,1514,,,,1488942683.526139,,,,,
1364,,,,,,1514,,,,1488942683.526143,,,,,
1365,,,,,,1514,,,,1488942683.526178,,,,,
1366,,,,,,1514,,,,1488942683.526182,,,,,
1367,,,,,,1514,,,,1488942683.526183,,,,,
1368,,,,,,1514,,,,1488942683.526185,,,,,
1369,,,,,,1514,,,,1488942683.526234,,,,,
1370,,,,,,1514,,,,1488942683.526237,,,,,
1371,,,,,,1514,,,,1488942683.526239,,,,,
1372,,,,,,1514,,,,1488942683.526241,,,,,
1373,,,,,,1514,,,,1488942683.526243,,,,,
1374,,,,,,1514,,,,1488942683.526287,,,,,
1375,,,,,,1514,,,,1488942683.526289,,,,,
1376,,,,,,1514,,,,1488942683.526293,,,,,
1377,,,,,,1514,,,,1488942683.526295,,,,,
1378,,,,,,1514,,,,1488942683.526337,,,,,
1379,,,,,,1514,,,,1488942683.526341,,,,,
1380,,,,,,1514,,,,1488942683.526343,,,,,
1381,,,,,,1514,,,,1488942683.526347,,,,,
1382,,,,,,1514,,,,1488942683.526382,,,,,
1383,,,,,,1514,,,,1488942683.526385,,,,,
1384,,,,,,1514,,,,1488942683.526387,,,,,
1385,,,,,,1514,,,,1488942683.526388,,,,,
1386,,,,,,1514,,,,1488942683.52643,,,,,
1387,,,,,,1514,,,,1488942683.526433,,,,,
1388,,,,,,282,,,,1488942683.526434,,,,,
1389,,19987.0,0.0,,17635.0,1514,,,8.0,1488942683.526503,,,,0.0,
1390,,,,,,1514,,,,1488942683.526514,,,,,
1391,,,,,,1514,,,,1488942683.526515,,,,,
1392,,,,,,1514,,,,1488942683.526516,,,,,
1393,,,,,,1514,,,,1488942683.526517,,,,,
1394,,,,,,1514,,,,1488942683.526518,,,,,
1395,,,,,,1514,,,,1488942683.52652,,,,,
1396,,,,,,1514,,,,1488942683.526521,,,,,
1397,,,,,,1514,,,,1488942683.526522,,,,,
1398,,,,,,1514,,,,1488942683.526523,,,,,
1399,,,,,,1514,,,,1488942683.526524,,,,,
1400,,,,,,1514,,,,1488942683.526525,,,,,
1401,,,,,,1514,,,,1488942683.526526,,,,,
1402,,,,,,1514,,,,1488942683.526527,,,,,
1403,,,,,,1514,,,,1488942683.526528,,,,,
1404,,,,,,1514,,,,1488942683.526529,,,,,
1405,,,,,,1514,,,,1488942683.52653,,,,,
1406,,,,,,1514,,,,1488942683.526532,,,,,
1407,,,,,,1514,,,,1488942683.526533,,,,,
1408,,,,,,1514,,,,1488942683.526534,,,,,
1409,,,,,,1514,,,,1488942683.526535,,,,,
1410,,,,,,1514,,,,1488942683.526536,,,,,
1411,,,,,,1514,,,,1488942683.526537,,,,,
1412,,,,,,1514,,,,1488942683.526538,,,,,
1413,,,,,,1514,,,,1488942683.526539,,,,,
1414,,,,,,1514,,,,1488942683.52654,,,,,
1415,,,,,,1514,,,,1488942683.526541,,,,,
1416,,,,,,1514,,,,1488942683.526542,,,,,
1417,,,,,,1514,,,,1488942683.526543,,,,,
1418,,,,,,1514,,,,1488942683.526544,,,,,
1419,,,,,,1514,,,,1488942683.526545,,,,,
1420,,,,,,1514,,,,1488942683.526547,,,,,
1421,,,,,,1514,,,,1488942683.526548,,,,,
1422,,,,,,1514,,,,1488942683.526549,,,,,
1423,,,,,,1514,,,,1488942683.526549,,,,,
1424,,,,,,1514,,,,1488942683.52655,,,,,
1425,,,,,,1514,,,,1488942683.526551,,,,,
1426,,,,,,282,,,,1488942683.526552,,,,,
1427,,47627.0,0.0,,17635.0,1514,,,9.0,1488942684.527687,,,,8.0,
1428,,,,,,1514,,,,1488942684.5277,,,,,
1429,,,,,,1514,,,,1488942684.527702,,,,,
1430,,,,,,1514,,,,1488942684.527704,,,,,
1431,,,,,,1514,,,,1488942684.527706,,,,,
1432,,,,,,1514,,,,1488942684.527708,,,,,
1433,,,,,,1514,,,,1488942684.527742,,,,,
1434,,,,,,1514,,,,1488942684.527745,,,,,
1435,,,,,,1514,,,,1488942684.527746,,,,,
1436,,,,,,1514,,,,1488942684.527748,,,,,
1437,,,,,,1514,,,,1488942684.527798,,,,,
1438,,,,,,1514,,,,1488942684.527802,,,,,
1439,,,,,,1514,,,,1488942684.527804,,,,,
1440,,,,,,1514,,,,1488942684.527806,,,,,
1441,,,,,,1514,,,,1488942684.527847,,,,,
1442,,,,,,1514,,,,1488942684.527854,,,,,
1443,,,,,,1514,,,,1488942684.527856,,,,,
1444,,,,,,1514,,,,1488942684.527858,,,,,
1445,,,,,,1514,,,,1488942684.527889,,,,,
1446,,,,,,1514,,,,1488942684.527891,,,,,
1447,,,,,,1514,,,,1488942684.527893,,,,,
1448,,,,,,1514,,,,1488942684.527895,,,,,
1449,,,,,,1514,,,,1488942684.527948,,,,,
1450,,,,,,1514,,,,1488942684.52795,,,,,
1451,,,,,,1514,,,,1488942684.52796,,,,,
1452,,,,,,1514,,,,1488942684.527961,,,,,
1453,,,,,,1514,,,,1488942684.527963,,,,,
1454,,,,,,1514,,,,1488942684.52799,,,,,
1455,,,,,,1514,,,,1488942684.527998,,,,,
1456,,,,,,1514,,,,1488942684.528001,,,,,
1457,,,,,,1514,,,,1488942684.528003,,,,,
1458,,,,,,1514,,,,1488942684.528044,,,,,
1459,,,,,,1514,,,,1488942684.528047,,,,,
1460,,,,,,1514,,,,1488942684.528049,,,,,
1461,,,,,,1514,,,,1488942684.528051,,,,,
1462,,,,,,1514,,,,1488942684.528093,,,,,
1463,,,,,,1514,,,,1488942684.528096,,,,,
1464,,,,,,282,,,,1488942684.528097,,,,,
1465,,49675.0,0.0,,17635.0,1514,,,9.0,1488942684.528166,,,,0.0,
1466,,,,,,1514,,,,1488942684.528177,,,,,
1467,,,,,,1514,,,,1488942684.528178,,,,,
1468,,,,,,1514,,,,1488942684.528179,,,,,
1469,,,,,,1514,,,,1488942684.52818,,,,,
1470,,,,,,1514,,,,1488942684.528181,,,,,
1471,,,,,,1514,,,,1488942684.528182,,,,,
1472,,,,,,1514,,,,1488942684.528184,,,,,
1473,,,,,,1514,,,,1488942684.528185,,,,,
1474,,,,,,1514,,,,1488942684.528186,,,,,
1475,,,,,,1514,,,,1488942684.528187,,,,,
1476,,,,,,1514,,,,1488942684.528188,,,,,
1477,,,,,,1514,,,,1488942684.528189,,,,,
1478,,,,,,1514,,,,1488942684.52819,,,,,
1479,,,,,,1514,,,,1488942684.528191,,,,,
1480,,,,,,1514,,,,1488942684.528192,,,,,
1481,,,,,,1514,,,,1488942684.528193,,,,,
1482,,,,,,1514,,,,1488942684.528194,,,,,
1483,,,,,,1514,,,,1488942684.528195,,,,,
1484,,,,,,1514,,,,1488942684.528196,,,,,
1485,,,,,,1514,,,,1488942684.528197,,,,,
1486,,,,,,1514,,,,1488942684.528198,,,,,
1487,,,,,,1514,,,,1488942684.528199,,,,,
1488,,,,,,1514,,,,1488942684.5282,,,,,
1489,,,,,,1514,,,,1488942684.528202,,,,,
1490,,,,,,1514,,,,1488942684.528202,,,,,
1491,,,,,,1514,,,,1488942684.528203,,,,,
1492,,,,,,1514,,,,1488942684.528204,,,,,
1493,,,,,,1514,,,,1488942684.528205,,,,,
1494,,,,,,1514,,,,1488942684.528206,,,,,
1495,,,,,,1514,,,,1488942684.528207,,,,,
1496,,,,,,1514,,,,1488942684.528208,,,,,
1497,,,,,,1514,,,,1488942684.528209,,,,,
1498,,,,,,1514,,,,1488942684.52821,,,,,
1499,,,,,,1514,,,,1488942684.528211,,,,,
1500,,,,,,1514,,,,1488942684.528212,,,,,
1501,,,,,,1514,,,,1488942684.528213,,,,,
1502,,,,,,282,,,,1488942684.528214,,,,,
1503,,61699.0,0.0,,17635.0,1514,,,10.0,1488942685.529363,,,,8.0,
1504,,,,,,1514,,,,1488942685.529384,,,,,
1505,,,,,,1514,,,,1488942685.529386,,,,,
1506,,,,,,1514,,,,1488942685.529388,,,,,
1507,,,,,,1514,,,,1488942685.529389,,,,,
1508,,,,,,1514,,,,1488942685.529391,,,,,
1509,,,,,,1514,,,,1488942685.529438,,,,,
1510,,,,,,1514,,,,1488942685.529443,,,,,
1511,,,,,,1514,,,,1488942685.529445,,,,,
1512,,,,,,1514,,,,1488942685.529447,,,,,
1513,,,,,,1514,,,,1488942685.529484,,,,,
1514,,,,,,1514,,,,1488942685.529487,,,,,
1515,,,,,,1514,,,,1488942685.529488,,,,,
1516,,,,,,1514,,,,1488942685.52949,,,,,
1517,,,,,,1514,,,,1488942685.529525,,,,,
1518,,,,,,1514,,,,1488942685.529528,,,,,
1519,,,,,,1514,,,,1488942685.529529,,,,,
1520,,,,,,1514,,,,1488942685.529531,,,,,
1521,,,,,,1514,,,,1488942685.529578,,,,,
1522,,,,,,1514,,,,1488942685.529581,,,,,
1523,,,,,,1514,,,,1488942685.529583,,,,,
1524,,,,,,1514,,,,1488942685.529585,,,,,
1525,,,,,,1514,,,,1488942685.529633,,,,,
1526,,,,,,1514,,,,1488942685.529636,,,,,
1527,,,,,,1514,,,,1488942685.52964,,,,,
1528,,,,,,1514,,,,1488942685.529642,,,,,
1529,,,,,,1514,,,,1488942685.529643,,,,,
1530,,,,,,1514,,,,1488942685.529677,,,,,
1531,,,,,,1514,,,,1488942685.529679,,,,,
1532,,,,,,1514,,,,1488942685.529681,,,,,
1533,,,,,,1514,,,,1488942685.529682,,,,,
1534,,,,,,1514,,,,1488942685.529729,,,,,
1535,,,,,,1514,,,,1488942685.529731,,,,,
1536,,,,,,1514,,,,1488942685.529734,,,,,
1537,,,,,,1514,,,,1488942685.529736,,,,,
1538,,,,,,1514,,,,1488942685.529779,,,,,
1539,,,,,,1514,,,,1488942685.529783,,,,,
1540,,,,,,282,,,,1488942685.529786,,,,,
1541,,63747.0,0.0,,17635.0,1514,,,10.0,1488942685.529847,,,,0.0,
1542,,,,,,1514,,,,1488942685.529877,,,,,
1543,,,,,,1514,,,,1488942685.52989,,,,,
1544,,,,,,1514,,,,1488942685.529901,,,,,
1545,,,,,,1514,,,,1488942685.529912,,,,,
1546,,,,,,1514,,,,1488942685.529939,,,,,
1547,,,,,,1514,,,,1488942685.529951,,,,,
1548,,,,,,1514,,,,1488942685.529962,,,,,
1549,,,,,,1514,,,,1488942685.529977,,,,,
1550,,,,,,1514,,,,1488942685.529989,,,,,
1551,,,,,,1514,,,,1488942685.53,,,,,
1552,,,,,,1514,,,,1488942685.530011,,,,,
1553,,,,,,1514,,,,1488942685.530023,,,,,
1554,,,,,,1514,,,,1488942685.530034,,,,,
1555,,,,,,1514,,,,1488942685.530045,,,,,
1556,,,,,,1514,,,,1488942685.530064,,,,,
1557,,,,,,1514,,,,1488942685.530084,,,,,
1558,,,,,,1514,,,,1488942685.530104,,,,,
1559,,,,,,1514,,,,1488942685.530124,,,,,
1560,,,,,,1514,,,,1488942685.530144,,,,,
1561,,,,,,1514,,,,1488942685.530164,,,,,
1562,,,,,,1514,,,,1488942685.530185,,,,,
1563,,,,,,1514,,,,1488942685.530205,,,,,
1564,,,,,,1514,,,,1488942685.530225,,,,,
1565,,,,,,1514,,,,1488942685.530238,,,,,
1566,,,,,,1514,,,,1488942685.530249,,,,,
1567,,,,,,1514,,,,1488942685.53026,,,,,
1568,,,,,,1514,,,,1488942685.530272,,,,,
1569,,,,,,1514,,,,1488942685.530283,,,,,
1570,,,,,,1514,,,,1488942685.530294,,,,,
1571,,,,,,1514,,,,1488942685.530305,,,,,
1572,,,,,,1514,,,,1488942685.530317,,,,,
1573,,,,,,1514,,,,1488942685.530328,,,,,
1574,,,,,,1514,,,,1488942685.530369,,,,,
1575,,,,,,1514,,,,1488942685.530378,,,,,
1576,,,,,,1514,,,,1488942685.53038,,,,,
1577,,,,,,1514,,,,1488942685.530382,,,,,
1578,,,,,,282,,,,1488942685.530383,,,,,
1579,,57083.0,0.0,,17635.0,1514,,,11.0,1488942686.531101,,,,8.0,
1580,,,,,,1514,,,,1488942686.531112,,,,,
1581,,,,,,1514,,,,1488942686.531128,,,,,
1582,,,,,,1514,,,,1488942686.53113,,,,,
1583,,,,,,1514,,,,1488942686.531132,,,,,
1584,,,,,,1514,,,,1488942686.531134,,,,,
1585,,,,,,1514,,,,1488942686.531183,,,,,
1586,,,,,,1514,,,,1488942686.531186,,,,,
1587,,,,,,1514,,,,1488942686.531189,,,,,
1588,,,,,,1514,,,,1488942686.531191,,,,,
1589,,,,,,1514,,,,1488942686.531224,,,,,
1590,,,,,,1514,,,,1488942686.531226,,,,,
1591,,,,,,1514,,,,1488942686.531228,,,,,
1592,,,,,,1514,,,,1488942686.53123,,,,,
1593,,,,,,1514,,,,1488942686.531279,,,,,
1594,,,,,,1514,,,,1488942686.531282,,,,,
1595,,,,,,1514,,,,1488942686.531284,,,,,
1596,,,,,,1514,,,,1488942686.531287,,,,,
1597,,,,,,1514,,,,1488942686.531323,,,,,
1598,,,,,,1514,,,,1488942686.53133,,,,,
1599,,,,,,1514,,,,1488942686.531332,,,,,
1600,,,,,,1514,,,,1488942686.531334,,,,,
1601,,,,,,1514,,,,1488942686.531381,,,,,
1602,,,,,,1514,,,,1488942686.531384,,,,,
1603,,,,,,1514,,,,1488942686.531385,,,,,
1604,,,,,,1514,,,,1488942686.531387,,,,,
1605,,,,,,1514,,,,1488942686.531388,,,,,
1606,,,,,,1514,,,,1488942686.531433,,,,,
1607,,,,,,1514,,,,1488942686.531436,,,,,
1608,,,,,,1514,,,,1488942686.531438,,,,,
1609,,,,,,1514,,,,1488942686.53144,,,,,
1610,,,,,,1514,,,,1488942686.53148,,,,,
1611,,,,,,1514,,,,1488942686.531482,,,,,
1612,,,,,,1514,,,,1488942686.531484,,,,,
1613,,,,,,1514,,,,1488942686.531486,,,,,
1614,,,,,,1514,,,,1488942686.531529,,,,,
1615,,,,,,1514,,,,1488942686.531533,,,,,
1616,,,,,,282,,,,1488942686.531534,,,,,
1617,,59131.0,0.0,,17635.0,1514,,,11.0,1488942686.5316,,,,0.0,
1618,,,,,,1514,,,,1488942686.531633,,,,,
1619,,,,,,1514,,,,1488942686.531647,,,,,
1620,,,,,,1514,,,,1488942686.531661,,,,,
1621,,,,,,1514,,,,1488942686.531673,,,,,
1622,,,,,,1514,,,,1488942686.531694,,,,,
1623,,,,,,1514,,,,1488942686.531707,,,,,
1624,,,,,,1514,,,,1488942686.53172,,,,,
1625,,,,,,1514,,,,1488942686.531734,,,,,
1626,,,,,,1514,,,,1488942686.531746,,,,,
1627,,,,,,1514,,,,1488942686.531758,,,,,
1628,,,,,,1514,,,,1488942686.53177,,,,,
1629,,,,,,1514,,,,1488942686.531784,,,,,
1630,,,,,,1514,,,,1488942686.531795,,,,,
1631,,,,,,1514,,,,1488942686.531808,,,,,
1632,,,,,,1514,,,,1488942686.53182,,,,,
1633,,,,,,1514,,,,1488942686.531832,,,,,
1634,,,,,,1514,,,,1488942686.531844,,,,,
1635,,,,,,1514,,,,1488942686.531857,,,,,
1636,,,,,,1514,,,,1488942686.531868,,,,,
1637,,,,,,1514,,,,1488942686.531881,,,,,
1638,,,,,,1514,,,,1488942686.531893,,,,,
1639,,,,,,1514,,,,1488942686.531905,,,,,
1640,,,,,,1514,,,,1488942686.531917,,,,,
1641,,,,,,1514,,,,1488942686.531931,,,,,
1642,,,,,,1514,,,,1488942686.531944,,,,,
1643,,,,,,1514,,,,1488942686.531956,,,,,
1644,,,,,,1514,,,,1488942686.531968,,,,,
1645,,,,,,1514,,,,1488942686.531981,,,,,
1646,,,,,,1514,,,,1488942686.531993,,,,,
1647,,,,,,1514,,,,1488942686.532006,,,,,
1648,,,,,,1514,,,,1488942686.532017,,,,,
1649,,,,,,1514,,,,1488942686.532031,,,,,
1650,,,,,,1514,,,,1488942686.532043,,,,,
1651,,,,,,1514,,,,1488942686.532055,,,,,
1652,,,,,,1514,,,,1488942686.532067,,,,,
1653,,,,,,1514,,,,1488942686.532079,,,,,
1654,,,,,,282,,,,1488942686.53209,,,,,
1655,,22772.0,0.0,,17635.0,1514,,,12.0,1488942687.532784,,,,8.0,
1656,,,,,,1514,,,,1488942687.532807,,,,,
1657,,,,,,1514,,,,1488942687.532811,,,,,
1658,,,,,,1514,,,,1488942687.532818,,,,,
1659,,,,,,1514,,,,1488942687.53282,,,,,
1660,,,,,,1514,,,,1488942687.532823,,,,,
1661,,,,,,1514,,,,1488942687.53285,,,,,
1662,,,,,,1514,,,,1488942687.532852,,,,,
1663,,,,,,1514,,,,1488942687.532854,,,,,
1664,,,,,,1514,,,,1488942687.532856,,,,,
1665,,,,,,1514,,,,1488942687.532906,,,,,
1666,,,,,,1514,,,,1488942687.53291,,,,,
1667,,,,,,1514,,,,1488942687.532912,,,,,
1668,,,,,,1514,,,,1488942687.532914,,,,,
1669,,,,,,1514,,,,1488942687.532951,,,,,
1670,,,,,,1514,,,,1488942687.532954,,,,,
1671,,,,,,1514,,,,1488942687.532956,,,,,
1672,,,,,,1514,,,,1488942687.532958,,,,,
1673,,,,,,1514,,,,1488942687.532994,,,,,
1674,,,,,,1514,,,,1488942687.532996,,,,,
1675,,,,,,1514,,,,1488942687.532998,,,,,
1676,,,,,,1514,,,,1488942687.532999,,,,,
1677,,,,,,1514,,,,1488942687.533047,,,,,
1678,,,,,,1514,,,,1488942687.533052,,,,,
1679,,,,,,1514,,,,1488942687.533054,,,,,
1680,,,,,,1514,,,,1488942687.533056,,,,,
1681,,,,,,1514,,,,1488942687.533091,,,,,
1682,,,,,,1514,,,,1488942687.533094,,,,,
1683,,,,,,1514,,,,1488942687.533095,,,,,
1684,,,,,,1514,,,,1488942687.533097,,,,,
1685,,,,,,1514,,,,1488942687.533148,,,,,
1686,,,,,,1514,,,,1488942687.533151,,,,,
1687,,,,,,1514,,,,1488942687.533153,,,,,
1688,,,,,,1514,,,,1488942687.533155,,,,,
1689,,,,,,1514,,,,1488942687.533161,,,,,
1690,,,,,,1514,,,,1488942687.533188,,,,,
1691,,,,,,1514,,,,1488942687.533191,,,,,
1692,,,,,,282,,,,1488942687.533192,,,,,
1693,,24820.0,0.0,,17635.0,1514,,,12.0,1488942687.53327,,,,0.0,
1694,,,,,,1514,,,,1488942687.5333,,,,,
1695,,,,,,1514,,,,1488942687.533313,,,,,
1696,,,,,,1514,,,,1488942687.533325,,,,,
1697,,,,,,1514,,,,1488942687.533336,,,,,
1698,,,,,,1514,,,,1488942687.533355,,,,,
1699,,,,,,1514,,,,1488942687.533368,,,,,
1700,,,,,,1514,,,,1488942687.533379,,,,,
1701,,,,,,1514,,,,1488942687.53339,,,,,
1702,,,,,,1514,,,,1488942687.533403,,,,,
1703,,,,,,1514,,,,1488942687.533414,,,,,
1704,,,,,,1514,,,,1488942687.533425,,,,,
1705,,,,,,1514,,,,1488942687.533435,,,,,
1706,,,,,,1514,,,,1488942687.533448,,,,,
1707,,,,,,1514,,,,1488942687.533459,,,,,
1708,,,,,,1514,,,,1488942687.53347,,,,,
1709,,,,,,1514,,,,1488942687.53348,,,,,
1710,,,,,,1514,,,,1488942687.533491,,,,,
1711,,,,,,1514,,,,1488942687.533502,,,,,
1712,,,,,,1514,,,,1488942687.533513,,,,,
1713,,,,,,1514,,,,1488942687.533524,,,,,
1714,,,,,,1514,,,,1488942687.533535,,,,,
1715,,,,,,1514,,,,1488942687.533547,,,,,
1716,,,,,,1514,,,,1488942687.533563,,,,,
1717,,,,,,1514,,,,1488942687.533573,,,,,
1718,,,,,,1514,,,,1488942687.533584,,,,,
1719,,,,,,1514,,,,1488942687.5336,,,,,
1720,,,,,,1514,,,,1488942687.53361,,,,,
1721,,,,,,1514,,,,1488942687.53362,,,,,
1722,,,,,,1514,,,,1488942687.533631,,,,,
1723,,,,,,1514,,,,1488942687.533642,,,,,
1724,,,,,,1514,,,,1488942687.533653,,,,,
1725,,,,,,1514,,,,1488942687.533664,,,,,
1726,,,,,,1514,,,,1488942687.533674,,,,,
1727,,,,,,1514,,,,1488942687.533685,,,,,
1728,,,,,,1514,,,,1488942687.533697,,,,,
1729,,,,,,1514,,,,1488942687.533707,,,,,
1730,,,,,,282,,,,1488942687.533718,,,,,
1731,,47084.0,0.0,,17635.0,1514,,,13.0,1488942688.534413,,,,8.0,
1732,,,,,,1514,,,,1488942688.534427,,,,,
1733,,,,,,1514,,,,1488942688.53443,,,,,
1734,,,,,,1514,,,,1488942688.534433,,,,,
1735,,,,,,1514,,,,1488942688.534435,,,,,
1736,,,,,,1514,,,,1488942688.534437,,,,,
1737,,,,,,1514,,,,1488942688.534499,,,,,
1738,,,,,,1514,,,,1488942688.534504,,,,,
1739,,,,,,1514,,,,1488942688.534506,,,,,
1740,,,,,,1514,,,,1488942688.534515,,,,,
1741,,,,,,1514,,,,1488942688.534539,,,,,
1742,,,,,,1514,,,,1488942688.534541,,,,,
1743,,,,,,1514,,,,1488942688.534543,,,,,
1744,,,,,,1514,,,,1488942688.534544,,,,,
1745,,,,,,1514,,,,1488942688.534594,,,,,
1746,,,,,,1514,,,,1488942688.534597,,,,,
1747,,,,,,1514,,,,1488942688.534602,,,,,
1748,,,,,,1514,,,,1488942688.53461,,,,,
1749,,,,,,1514,,,,1488942688.534639,,,,,
1750,,,,,,1514,,,,1488942688.534641,,,,,
1751,,,,,,1514,,,,1488942688.534649,,,,,
1752,,,,,,1514,,,,1488942688.534651,,,,,
1753,,,,,,1514,,,,1488942688.534691,,,,,
1754,,,,,,1514,,,,1488942688.534694,,,,,
1755,,,,,,1514,,,,1488942688.534696,,,,,
1756,,,,,,1514,,,,1488942688.534698,,,,,
1757,,,,,,1514,,,,1488942688.534744,,,,,
1758,,,,,,1514,,,,1488942688.534747,,,,,
1759,,,,,,1514,,,,1488942688.53475,,,,,
1760,,,,,,1514,,,,1488942688.534752,,,,,
1761,,,,,,1514,,,,1488942688.534754,,,,,
1762,,,,,,1514,,,,1488942688.534791,,,,,
1763,,,,,,1514,,,,1488942688.534793,,,,,
1764,,,,,,1514,,,,1488942688.534796,,,,,
1765,,,,,,1514,,,,1488942688.534798,,,,,
1766,,,,,,1514,,,,1488942688.534844,,,,,
1767,,,,,,1514,,,,1488942688.534849,,,,,
1768,,,,,,282,,,,1488942688.534851,,,,,
1769,,49132.0,0.0,,17635.0,1514,,,13.0,1488942688.534916,,,,0.0,
1770,,,,,,1514,,,,1488942688.53493,,,,,
1771,,,,,,1514,,,,1488942688.534932,,,,,
1772,,,,,,1514,,,,1488942688.534934,,,,,
1773,,,,,,1514,,,,1488942688.534936,,,,,
1774,,,,,,1514,,,,1488942688.534937,,,,,
1775,,,,,,1514,,,,1488942688.534938,,,,,
1776,,,,,,1514,,,,1488942688.53494,,,,,
1777,,,,,,1514,,,,1488942688.534941,,,,,
1778,,,,,,1514,,,,1488942688.534942,,,,,
1779,,,,,,1514,,,,1488942688.534944,,,,,
1780,,,,,,1514,,,,1488942688.534946,,,,,
1781,,,,,,1514,,,,1488942688.534947,,,,,
1782,,,,,,1514,,,,1488942688.534948,,,,,
1783,,,,,,1514,,,,1488942688.53495,,,,,
1784,,,,,,1514,,,,1488942688.534952,,,,,
1785,,,,,,1514,,,,1488942688.534953,,,,,
1786,,,,,,1514,,,,1488942688.534955,,,,,
1787,,,,,,1514,,,,1488942688.534956,,,,,
1788,,,,,,1514,,,,1488942688.534958,,,,,
1789,,,,,,1514,,,,1488942688.53496,,,,,
1790,,,,,,1514,,,,1488942688.534961,,,,,
1791,,,,,,1514,,,,1488942688.534969,,,,,
1792,,,,,,1514,,,,1488942688.534971,,,,,
1793,,,,,,1514,,,,1488942688.534973,,,,,
1794,,,,,,1514,,,,1488942688.534974,,,,,
1795,,,,,,1514,,,,1488942688.534976,,,,,
1796,,,,,,1514,,,,1488942688.534977,,,,,
1797,,,,,,1514,,,,1488942688.534978,,,,,
1798,,,,,,1514,,,,1488942688.53498,,,,,
1799,,,,,,1514,,,,1488942688.534981,,,,,
1800,,,,,,1514,,,,1488942688.534983,,,,,
1801,,,,,,1514,,,,1488942688.534984,,,,,
1802,,,,,,1514,,,,1488942688.534986,,,,,
1803,,,,,,1514,,,,1488942688.534987,,,,,
1804,,,,,,1514,,,,1488942688.534988,,,,,
1805,,,,,,1514,,,,1488942688.53499,,,,,
1806,,,,,,282,,,,1488942688.534991,,,,,
1807,,2789.0,0.0,,17635.0,1514,,,14.0,1488942689.536057,,,,8.0,
1808,,,,,,1514,,,,1488942689.536068,,,,,
1809,,,,,,1514,,,,1488942689.53607,,,,,
1810,,,,,,1514,,,,1488942689.536106,,,,,
1811,,,,,,1514,,,,1488942689.536108,,,,,
1812,,,,,,1514,,,,1488942689.53611,,,,,
1813,,,,,,1514,,,,1488942689.536113,,,,,
1814,,,,,,1514,,,,1488942689.536114,,,,,
1815,,,,,,1514,,,,1488942689.536121,,,,,
1816,,,,,,1514,,,,1488942689.536123,,,,,
1817,,,,,,1514,,,,1488942689.536125,,,,,
1818,,,,,,1514,,,,1488942689.536173,,,,,
1819,,,,,,1514,,,,1488942689.536176,,,,,
1820,,,,,,1514,,,,1488942689.536178,,,,,
1821,,,,,,1514,,,,1488942689.53622,,,,,
1822,,,,,,1514,,,,1488942689.536222,,,,,
1823,,,,,,1514,,,,1488942689.536223,,,,,
1824,,,,,,1514,,,,1488942689.536225,,,,,
1825,,,,,,1514,,,,1488942689.53627,,,,,
1826,,,,,,1514,,,,1488942689.536273,,,,,
1827,,,,,,1514,,,,1488942689.536275,,,,,
1828,,,,,,1514,,,,1488942689.536277,,,,,
1829,,,,,,1514,,,,1488942689.536324,,,,,
1830,,,,,,1514,,,,1488942689.536327,,,,,
1831,,,,,,1514,,,,1488942689.536328,,,,,
1832,,,,,,1514,,,,1488942689.536331,,,,,
1833,,,,,,1514,,,,1488942689.536332,,,,,
1834,,,,,,1514,,,,1488942689.536371,,,,,
1835,,,,,,1514,,,,1488942689.536373,,,,,
1836,,,,,,1514,,,,1488942689.536375,,,,,
1837,,,,,,1514,,,,1488942689.536377,,,,,
1838,,,,,,1514,,,,1488942689.536431,,,,,
1839,,,,,,1514,,,,1488942689.536434,,,,,
1840,,,,,,1514,,,,1488942689.536436,,,,,
1841,,,,,,1514,,,,1488942689.536438,,,,,
1842,,,,,,1514,,,,1488942689.536469,,,,,
1843,,,,,,1514,,,,1488942689.536471,,,,,
1844,,,,,,282,,,,1488942689.536473,,,,,
1845,,4837.0,0.0,,17635.0,1514,,,14.0,1488942689.536548,,,,0.0,
1846,,,,,,1514,,,,1488942689.536556,,,,,
1847,,,,,,1514,,,,1488942689.536558,,,,,
1848,,,,,,1514,,,,1488942689.536559,,,,,
1849,,,,,,1514,,,,1488942689.53656,,,,,
1850,,,,,,1514,,,,1488942689.536561,,,,,
1851,,,,,,1514,,,,1488942689.536562,,,,,
1852,,,,,,1514,,,,1488942689.536564,,,,,
1853,,,,,,1514,,,,1488942689.536565,,,,,
1854,,,,,,1514,,,,1488942689.536566,,,,,
1855,,,,,,1514,,,,1488942689.536567,,,,,
1856,,,,,,1514,,,,1488942689.536568,,,,,
1857,,,,,,1514,,,,1488942689.536569,,,,,
1858,,,,,,1514,,,,1488942689.53657,,,,,
1859,,,,,,1514,,,,1488942689.536571,,,,,
1860,,,,,,1514,,,,1488942689.536572,,,,,
1861,,,,,,1514,,,,1488942689.536574,,,,,
1862,,,,,,1514,,,,1488942689.536575,,,,,
1863,,,,,,1514,,,,1488942689.536576,,,,,
1864,,,,,,1514,,,,1488942689.536577,,,,,
1865,,,,,,1514,,,,1488942689.536578,,,,,
1866,,,,,,1514,,,,1488942689.536579,,,,,
1867,,,,,,1514,,,,1488942689.53658,,,,,
1868,,,,,,1514,,,,1488942689.536581,,,,,
1869,,,,,,1514,,,,1488942689.536582,,,,,
1870,,,,,,1514,,,,1488942689.536583,,,,,
1871,,,,,,1514,,,,1488942689.536584,,,,,
1872,,,,,,1514,,,,1488942689.536585,,,,,
1873,,,,,,1514,,,,1488942689.536587,,,,,
1874,,,,,,1514,,,,1488942689.536588,,,,,
1875,,,,,,1514,,,,1488942689.536589,,,,,
1876,,,,,,1514,,,,1488942689.536593,,,,,
1877,,,,,,1514,,,,1488942689.536594,,,,,
1878,,,,,,1514,,,,1488942689.536595,,,,,
1879,,,,,,1514,,,,1488942689.536597,,,,,
1880,,,,,,1514,,,,1488942689.536598,,,,,
1881,,,,,,1514,,,,1488942689.536598,,,,,
1882,,,,,,282,,,,1488942689.536599,,,,,
1883,,33757.0,0.0,,17635.0,1514,,,15.0,1488942690.53775,,,,8.0,
1884,,,,,,1514,,,,1488942690.537763,,,,,
1885,,,,,,1514,,,,1488942690.537768,,,,,
1886,,,,,,1514,,,,1488942690.53777,,,,,
1887,,,,,,1514,,,,1488942690.537773,,,,,
1888,,,,,,1514,,,,1488942690.537774,,,,,
1889,,,,,,1514,,,,1488942690.537776,,,,,
1890,,,,,,1514,,,,1488942690.537778,,,,,
1891,,,,,,1514,,,,1488942690.53778,,,,,
1892,,,,,,1514,,,,1488942690.537781,,,,,
1893,,,,,,1514,,,,1488942690.537819,,,,,
1894,,,,,,1514,,,,1488942690.537821,,,,,
1895,,,,,,1514,,,,1488942690.537823,,,,,
1896,,,,,,1514,,,,1488942690.537825,,,,,
1897,,,,,,1514,,,,1488942690.537872,,,,,
1898,,,,,,1514,,,,1488942690.537875,,,,,
1899,,,,,,1514,,,,1488942690.537877,,,,,
1900,,,,,,1514,,,,1488942690.53789,,,,,
1901,,,,,,1514,,,,1488942690.537918,,,,,
1902,,,,,,1514,,,,1488942690.537921,,,,,
1903,,,,,,1514,,,,1488942690.537923,,,,,
1904,,,,,,1514,,,,1488942690.537924,,,,,
1905,,,,,,1514,,,,1488942690.537975,,,,,
1906,,,,,,1514,,,,1488942690.537977,,,,,
1907,,,,,,1514,,,,1488942690.537979,,,,,
1908,,,,,,1514,,,,1488942690.537981,,,,,
1909,,,,,,1514,,,,1488942690.537982,,,,,
1910,,,,,,1514,,,,1488942690.538019,,,,,
1911,,,,,,1514,,,,1488942690.538021,,,,,
1912,,,,,,1514,,,,1488942690.538022,,,,,
1913,,,,,,1514,,,,1488942690.538024,,,,,
1914,,,,,,1514,,,,1488942690.538071,,,,,
1915,,,,,,1514,,,,1488942690.538073,,,,,
1916,,,,,,1514,,,,1488942690.538075,,,,,
1917,,,,,,1514,,,,1488942690.538076,,,,,
1918,,,,,,1514,,,,1488942690.538116,,,,,
1919,,,,,,1514,,,,1488942690.538119,,,,,
1920,,,,,,282,,,,1488942690.538121,,,,,
1921,,35805.0,0.0,,17635.0,1514,,,15.0,1488942690.538189,,,,0.0,
1922,,,,,,1514,,,,1488942690.538198,,,,,
1923,,,,,,1514,,,,1488942690.538199,,,,,
1924,,,,,,1514,,,,1488942690.538201,,,,,
1925,,,,,,1514,,,,1488942690.538202,,,,,
1926,,,,,,1514,,,,1488942690.538203,,,,,
1927,,,,,,1514,,,,1488942690.538204,,,,,
1928,,,,,,1514,,,,1488942690.538205,,,,,
1929,,,,,,1514,,,,1488942690.538206,,,,,
1930,,,,,,1514,,,,1488942690.538207,,,,,
1931,,,,,,1514,,,,1488942690.538209,,,,,
1932,,,,,,1514,,,,1488942690.53821,,,,,
1933,,,,,,1514,,,,1488942690.538211,,,,,
1934,,,,,,1514,,,,1488942690.538212,,,,,
1935,,,,,,1514,,,,1488942690.538213,,,,,
1936,,,,,,1514,,,,1488942690.538214,,,,,
1937,,,,,,1514,,,,1488942690.538215,,,,,
1938,,,,,,1514,,,,1488942690.538216,,,,,
1939,,,,,,1514,,,,1488942690.538217,,,,,
1940,,,,,,1514,,,,1488942690.538218,,,,,
1941,,,,,,1514,,,,1488942690.53822,,,,,
1942,,,,,,1514,,,,1488942690.53822,,,,,
1943,,,,,,1514,,,,1488942690.538222,,,,,
1944,,,,,,1514,,,,1488942690.538223,,,,,
1945,,,,,,1514,,,,1488942690.538224,,,,,
1946,,,,,,1514,,,,1488942690.538225,,,,,
1947,,,,,,1514,,,,1488942690.538226,,,,,
1948,,,,,,1514,,,,1488942690.538227,,,,,
1949,,,,,,1514,,,,1488942690.538228,,,,,
1950,,,,,,1514,,,,1488942690.538229,,,,,
1951,,,,,,1514,,,,1488942690.53823,,,,,
1952,,,,,,1514,,,,1488942690.538231,,,,,
1953,,,,,,1514,,,,1488942690.538232,,,,,
1954,,,,,,1514,,,,1488942690.538233,,,,,
1955,,,,,,1514,,,,1488942690.538234,,,,,
1956,,,,,,1514,,,,1488942690.538235,,,,,
1957,,,,,,1514,,,,1488942690.538236,,,,,
1958,,,,,,282,,,,1488942690.538237,,,,,
1959,,52693.0,0.0,,17635.0,1514,,,16.0,1488942691.5394,,,,8.0,
1960,,,,,,1514,,,,1488942691.539419,,,,,
1961,,,,,,1514,,,,1488942691.539421,,,,,
1962,,,,,,1514,,,,1488942691.539423,,,,,
1963,,,,,,1514,,,,1488942691.539424,,,,,
1964,,,,,,1514,,,,1488942691.539426,,,,,
1965,,,,,,1514,,,,1488942691.539511,,,,,
1966,,,,,,1514,,,,1488942691.539516,,,,,
1967,,,,,,1514,,,,1488942691.539517,,,,,
1968,,,,,,1514,,,,1488942691.539519,,,,,
1969,,,,,,1514,,,,1488942691.539521,,,,,
1970,,,,,,1514,,,,1488942691.539523,,,,,
1971,,,,,,1514,,,,1488942691.539524,,,,,
1972,,,,,,1514,,,,1488942691.539526,,,,,
1973,,,,,,1514,,,,1488942691.539588,,,,,
1974,,,,,,1514,,,,1488942691.539592,,,,,
1975,,,,,,1514,,,,1488942691.539594,,,,,
1976,,,,,,1514,,,,1488942691.539596,,,,,
1977,,,,,,1514,,,,1488942691.539642,,,,,
1978,,,,,,1514,,,,1488942691.539645,,,,,
1979,,,,,,1514,,,,1488942691.539646,,,,,
1980,,,,,,1514,,,,1488942691.539648,,,,,
1981,,,,,,1514,,,,1488942691.539667,,,,,
1982,,,,,,1514,,,,1488942691.53967,,,,,
1983,,,,,,1514,,,,1488942691.539671,,,,,
1984,,,,,,1514,,,,1488942691.539673,,,,,
1985,,,,,,1514,,,,1488942691.539675,,,,,
1986,,,,,,1514,,,,1488942691.539712,,,,,
1987,,,,,,1514,,,,1488942691.539714,,,,,
1988,,,,,,1514,,,,1488942691.539716,,,,,
1989,,,,,,1514,,,,1488942691.539718,,,,,
1990,,,,,,1514,,,,1488942691.539764,,,,,
1991,,,,,,1514,,,,1488942691.539767,,,,,
1992,,,,,,1514,,,,1488942691.539769,,,,,
1993,,,,,,1514,,,,1488942691.53977,,,,,
1994,,,,,,1514,,,,1488942691.539809,,,,,
1995,,,,,,1514,,,,1488942691.539811,,,,,
1996,,,,,,282,,,,1488942691.539813,,,,,
1997,,54741.0,0.0,,17635.0,1514,,,16.0,1488942691.539879,,,,0.0,
1998,,,,,,1514,,,,1488942691.539892,,,,,
1999,,,,,,1514,,,,1488942691.539895,,,,,
2000,,,,,,1514,,,,1488942691.539896,,,,,
2001,,,,,,1514,,,,1488942691.539898,,,,,
2002,,,,,,1514,,,,1488942691.539899,,,,,
2003,,,,,,1514,,,,1488942691.5399,,,,,
2004,,,,,,1514,,,,1488942691.539901,,,,,
2005,,,,,,1514,,,,1488942691.539902,,,,,
2006,,,,,,1514,,,,1488942691.539903,,,,,
2007,,,,,,1514,,,,1488942691.539904,,,,,
2008,,,,,,1514,,,,1488942691.539905,,,,,
2009,,,,,,1514,,,,1488942691.539906,,,,,
2010,,,,,,1514,,,,1488942691.539908,,,,,
2011,,,,,,1514,,,,1488942691.539909,,,,,
2012,,,,,,1514,,,,1488942691.53991,,,,,
2013,,,,,,1514,,,,1488942691.539911,,,,,
2014,,,,,,1514,,,,1488942691.539912,,,,,
2015,,,,,,1514,,,,1488942691.539913,,,,,
2016,,,,,,1514,,,,1488942691.539914,,,,,
2017,,,,,,1514,,,,1488942691.539919,,,,,
2018,,,,,,1514,,,,1488942691.53992,,,,,
2019,,,,,,1514,,,,1488942691.539921,,,,,
2020,,,,,,1514,,,,1488942691.539923,,,,,
2021,,,,,,1514,,,,1488942691.539924,,,,,
2022,,,,,,1514,,,,1488942691.539925,,,,,
2023,,,,,,1514,,,,1488942691.539926,,,,,
2024,,,,,,1514,,,,1488942691.539927,,,,,
2025,,,,,,1514,,,,1488942691.539928,,,,,
2026,,,,,,1514,,,,1488942691.539929,,,,,
2027,,,,,,1514,,,,1488942691.53993,,,,,
2028,,,,,,1514,,,,1488942691.539932,,,,,
2029,,,,,,1514,,,,1488942691.539933,,,,,
2030,,,,,,1514,,,,1488942691.539934,,,,,
2031,,,,,,1514,,,,1488942691.539935,,,,,
2032,,,,,,1514,,,,1488942691.539936,,,,,
2033,,,,,,1514,,,,1488942691.539937,,,,,
2034,,,,,,282,,,,1488942691.539938,,,,,
2035,,7118.0,0.0,,17635.0,1514,,,17.0,1488942692.541043,,,,8.0,
2036,,,,,,1514,,,,1488942692.541056,,,,,
2037,,,,,,1514,,,,1488942692.541059,,,,,
2038,,,,,,1514,,,,1488942692.541062,,,,,
2039,,,,,,1514,,,,1488942692.541064,,,,,
2040,,,,,,1514,,,,1488942692.541066,,,,,
2041,,,,,,1514,,,,1488942692.541092,,,,,
2042,,,,,,1514,,,,1488942692.541098,,,,,
2043,,,,,,1514,,,,1488942692.541099,,,,,
2044,,,,,,1514,,,,1488942692.541101,,,,,
2045,,,,,,1514,,,,1488942692.541152,,,,,
2046,,,,,,1514,,,,1488942692.541155,,,,,
2047,,,,,,1514,,,,1488942692.541157,,,,,
2048,,,,,,1514,,,,1488942692.541159,,,,,
2049,,,,,,1514,,,,1488942692.541195,,,,,
2050,,,,,,1514,,,,1488942692.541204,,,,,
2051,,,,,,1514,,,,1488942692.541207,,,,,
2052,,,,,,1514,,,,1488942692.541209,,,,,
2053,,,,,,1514,,,,1488942692.541246,,,,,
2054,,,,,,1514,,,,1488942692.541248,,,,,
2055,,,,,,1514,,,,1488942692.54125,,,,,
2056,,,,,,1514,,,,1488942692.541252,,,,,
2057,,,,,,1514,,,,1488942692.541303,,,,,
2058,,,,,,1514,,,,1488942692.541307,,,,,
2059,,,,,,1514,,,,1488942692.54131,,,,,
2060,,,,,,1514,,,,1488942692.541312,,,,,
2061,,,,,,1514,,,,1488942692.541314,,,,,
2062,,,,,,1514,,,,1488942692.541346,,,,,
2063,,,,,,1514,,,,1488942692.541349,,,,,
2064,,,,,,1514,,,,1488942692.54135,,,,,
2065,,,,,,1514,,,,1488942692.541352,,,,,
2066,,,,,,1514,,,,1488942692.541402,,,,,
2067,,,,,,1514,,,,1488942692.541406,,,,,
2068,,,,,,1514,,,,1488942692.541407,,,,,
2069,,,,,,1514,,,,1488942692.541409,,,,,
2070,,,,,,1514,,,,1488942692.541443,,,,,
2071,,,,,,1514,,,,1488942692.541445,,,,,
2072,,,,,,282,,,,1488942692.541446,,,,,
2073,,9166.0,0.0,,17635.0,1514,,,17.0,1488942692.541505,,,,0.0,
2074,,,,,,1514,,,,1488942692.541515,,,,,
2075,,,,,,1514,,,,1488942692.541516,,,,,
2076,,,,,,1514,,,,1488942692.541518,,,,,
2077,,,,,,1514,,,,1488942692.541519,,,,,
2078,,,,,,1514,,,,1488942692.54152,,,,,
2079,,,,,,1514,,,,1488942692.541521,,,,,
2080,,,,,,1514,,,,1488942692.541522,,,,,
2081,,,,,,1514,,,,1488942692.541523,,,,,
2082,,,,,,1514,,,,1488942692.541524,,,,,
2083,,,,,,1514,,,,1488942692.541525,,,,,
2084,,,,,,1514,,,,1488942692.541526,,,,,
2085,,,,,,1514,,,,1488942692.541528,,,,,
2086,,,,,,1514,,,,1488942692.541528,,,,,
2087,,,,,,1514,,,,1488942692.54153,,,,,
2088,,,,,,1514,,,,1488942692.541531,,,,,
2089,,,,,,1514,,,,1488942692.541532,,,,,
2090,,,,,,1514,,,,1488942692.541533,,,,,
2091,,,,,,1514,,,,1488942692.541534,,,,,
2092,,,,,,1514,,,,1488942692.541535,,,,,
2093,,,,,,1514,,,,1488942692.541536,,,,,
2094,,,,,,1514,,,,1488942692.541537,,,,,
2095,,,,,,1514,,,,1488942692.541538,,,,,
2096,,,,,,1514,,,,1488942692.541539,,,,,
2097,,,,,,1514,,,,1488942692.54154,,,,,
2098,,,,,,1514,,,,1488942692.541541,,,,,
2099,,,,,,1514,,,,1488942692.541542,,,,,
2100,,,,,,1514,,,,1488942692.541543,,,,,
2101,,,,,,1514,,,,1488942692.541544,,,,,
2102,,,,,,1514,,,,1488942692.541545,,,,,
2103,,,,,,1514,,,,1488942692.541546,,,,,
2104,,,,,,1514,,,,1488942692.541547,,,,,
2105,,,,,,1514,,,,1488942692.541548,,,,,
2106,,,,,,1514,,,,1488942692.541549,,,,,
2107,,,,,,1514,,,,1488942692.54155,,,,,
2108,,,,,,1514,,,,1488942692.541551,,,,,
2109,,,,,,1514,,,,1488942692.541552,,,,,
2110,,,,,,282,,,,1488942692.541553,,,,,
2111,,38854.0,0.0,,17635.0,1514,,,18.0,1488942693.542701,,,,8.0,
2112,,,,,,1514,,,,1488942693.542713,,,,,
2113,,,,,,1514,,,,1488942693.542719,,,,,
2114,,,,,,1514,,,,1488942693.542722,,,,,
2115,,,,,,1514,,,,1488942693.542723,,,,,
2116,,,,,,1514,,,,1488942693.542725,,,,,
2117,,,,,,1514,,,,1488942693.542727,,,,,
2118,,,,,,1514,,,,1488942693.542739,,,,,
2119,,,,,,1514,,,,1488942693.542742,,,,,
2120,,,,,,1514,,,,1488942693.542744,,,,,
2121,,,,,,1514,,,,1488942693.542817,,,,,
2122,,,,,,1514,,,,1488942693.54282,,,,,
2123,,,,,,1514,,,,1488942693.542822,,,,,
2124,,,,,,1514,,,,1488942693.542824,,,,,
2125,,,,,,1514,,,,1488942693.542826,,,,,
2126,,,,,,1514,,,,1488942693.542859,,,,,
2127,,,,,,1514,,,,1488942693.542862,,,,,
2128,,,,,,1514,,,,1488942693.542864,,,,,
2129,,,,,,1514,,,,1488942693.542866,,,,,
2130,,,,,,1514,,,,1488942693.542935,,,,,
2131,,,,,,1514,,,,1488942693.54294,,,,,
2132,,,,,,1514,,,,1488942693.542942,,,,,
2133,,,,,,1514,,,,1488942693.542944,,,,,
2134,,,,,,1514,,,,1488942693.542946,,,,,
2135,,,,,,1514,,,,1488942693.542948,,,,,
2136,,,,,,1514,,,,1488942693.542963,,,,,
2137,,,,,,1514,,,,1488942693.542965,,,,,
2138,,,,,,1514,,,,1488942693.543011,,,,,
2139,,,,,,1514,,,,1488942693.543015,,,,,
2140,,,,,,1514,,,,1488942693.543016,,,,,
2141,,,,,,1514,,,,1488942693.543018,,,,,
2142,,,,,,1514,,,,1488942693.54305,,,,,
2143,,,,,,1514,,,,1488942693.543053,,,,,
2144,,,,,,1514,,,,1488942693.543054,,,,,
2145,,,,,,1514,,,,1488942693.543056,,,,,
2146,,,,,,1514,,,,1488942693.543099,,,,,
2147,,,,,,1514,,,,1488942693.543109,,,,,
2148,,,,,,282,,,,1488942693.543111,,,,,
2149,,40902.0,0.0,,17635.0,1514,,,18.0,1488942693.543179,,,,0.0,
2150,,,,,,1514,,,,1488942693.543189,,,,,
2151,,,,,,1514,,,,1488942693.54319,,,,,
2152,,,,,,1514,,,,1488942693.543191,,,,,
2153,,,,,,1514,,,,1488942693.543192,,,,,
2154,,,,,,1514,,,,1488942693.543194,,,,,
2155,,,,,,1514,,,,1488942693.543195,,,,,
2156,,,,,,1514,,,,1488942693.543196,,,,,
2157,,,,,,1514,,,,1488942693.543197,,,,,
2158,,,,,,1514,,,,1488942693.543198,,,,,
2159,,,,,,1514,,,,1488942693.543199,,,,,
2160,,,,,,1514,,,,1488942693.5432,,,,,
2161,,,,,,1514,,,,1488942693.543201,,,,,
2162,,,,,,1514,,,,1488942693.543202,,,,,
2163,,,,,,1514,,,,1488942693.543203,,,,,
2164,,,,,,1514,,,,1488942693.543204,,,,,
2165,,,,,,1514,,,,1488942693.543205,,,,,
2166,,,,,,1514,,,,1488942693.543206,,,,,
2167,,,,,,1514,,,,1488942693.543207,,,,,
2168,,,,,,1514,,,,1488942693.543208,,,,,
2169,,,,,,1514,,,,1488942693.543209,,,,,
2170,,,,,,1514,,,,1488942693.54321,,,,,
2171,,,,,,1514,,,,1488942693.543211,,,,,
2172,,,,,,1514,,,,1488942693.543213,,,,,
2173,,,,,,1514,,,,1488942693.543214,,,,,
2174,,,,,,1514,,,,1488942693.543215,,,,,
2175,,,,,,1514,,,,1488942693.543216,,,,,
2176,,,,,,1514,,,,1488942693.543217,,,,,
2177,,,,,,1514,,,,1488942693.543218,,,,,
2178,,,,,,1514,,,,1488942693.543219,,,,,
2179,,,,,,1514,,,,1488942693.54322,,,,,
2180,,,,,,1514,,,,1488942693.543221,,,,,
2181,,,,,,1514,,,,1488942693.543225,,,,,
2182,,,,,,1514,,,,1488942693.543226,,,,,
2183,,,,,,1514,,,,1488942693.543227,,,,,
2184,,,,,,1514,,,,1488942693.543228,,,,,
2185,,,,,,1514,,,,1488942693.543229,,,,,
2186,,,,,,282,,,,1488942693.54323,,,,,
2187,,58046.0,0.0,,17635.0,1514,,,19.0,1488942694.544391,,,,8.0,
2188,,,,,,1514,,,,1488942694.544422,,,,,
2189,,,,,,1514,,,,1488942694.544425,,,,,
2190,,,,,,1514,,,,1488942694.544429,,,,,
2191,,,,,,1514,,,,1488942694.544431,,,,,
2192,,,,,,1514,,,,1488942694.544434,,,,,
2193,,,,,,1514,,,,1488942694.544436,,,,,
2194,,,,,,1514,,,,1488942694.544441,,,,,
2195,,,,,,1514,,,,1488942694.544443,,,,,
2196,,,,,,1514,,,,1488942694.544452,,,,,
2197,,,,,,1514,,,,1488942694.54451,,,,,
2198,,,,,,1514,,,,1488942694.544518,,,,,
2199,,,,,,1514,,,,1488942694.54452,,,,,
2200,,,,,,1514,,,,1488942694.544525,,,,,
2201,,,,,,1514,,,,1488942694.544528,,,,,
2202,,,,,,1514,,,,1488942694.544529,,,,,
2203,,,,,,1514,,,,1488942694.544531,,,,,
2204,,,,,,1514,,,,1488942694.544533,,,,,
2205,,,,,,1514,,,,1488942694.544596,,,,,
2206,,,,,,1514,,,,1488942694.544599,,,,,
2207,,,,,,1514,,,,1488942694.544601,,,,,
2208,,,,,,1514,,,,1488942694.544603,,,,,
2209,,,,,,1514,,,,1488942694.544605,,,,,
2210,,,,,,1514,,,,1488942694.544636,,,,,
2211,,,,,,1514,,,,1488942694.544638,,,,,
2212,,,,,,1514,,,,1488942694.544639,,,,,
2213,,,,,,1514,,,,1488942694.544641,,,,,
2214,,,,,,1514,,,,1488942694.54469,,,,,
2215,,,,,,1514,,,,1488942694.544693,,,,,
2216,,,,,,1514,,,,1488942694.544695,,,,,
2217,,,,,,1514,,,,1488942694.544699,,,,,
2218,,,,,,1514,,,,1488942694.544736,,,,,
2219,,,,,,1514,,,,1488942694.544745,,,,,
2220,,,,,,1514,,,,1488942694.544748,,,,,
2221,,,,,,1514,,,,1488942694.54475,,,,,
2222,,,,,,1514,,,,1488942694.544785,,,,,
2223,,,,,,1514,,,,1488942694.544788,,,,,
2224,,,,,,282,,,,1488942694.54479,,,,,
2225,,60094.0,0.0,,17635.0,1514,,,19.0,1488942694.544874,,,,0.0,
2226,,,,,,1514,,,,1488942694.544885,,,,,
2227,,,,,,1514,,,,1488942694.544886,,,,,
2228,,,,,,1514,,,,1488942694.544887,,,,,
2229,,,,,,1514,,,,1488942694.544888,,,,,
2230,,,,,,1514,,,,1488942694.544889,,,,,
2231,,,,,,1514,,,,1488942694.54489,,,,,
2232,,,,,,1514,,,,1488942694.544891,,,,,
2233,,,,,,1514,,,,1488942694.544893,,,,,
2234,,,,,,1514,,,,1488942694.544894,,,,,
2235,,,,,,1514,,,,1488942694.544895,,,,,
2236,,,,,,1514,,,,1488942694.544896,,,,,
2237,,,,,,1514,,,,1488942694.544897,,,,,
2238,,,,,,1514,,,,1488942694.544898,,,,,
2239,,,,,,1514,,,,1488942694.544899,,,,,
2240,,,,,,1514,,,,1488942694.5449,,,,,
2241,,,,,,1514,,,,1488942694.544901,,,,,
2242,,,,,,1514,,,,1488942694.544902,,,,,
2243,,,,,,1514,,,,1488942694.544903,,,,,
2244,,,,,,1514,,,,1488942694.544904,,,,,
2245,,,,,,1514,,,,1488942694.544905,,,,,
2246,,,,,,1514,,,,1488942694.544906,,,,,
2247,,,,,,1514,,,,1488942694.544908,,,,,
2248,,,,,,1514,,,,1488942694.544909,,,,,
2249,,,,,,1514,,,,1488942694.54491,,,,,
2250,,,,,,1514,,,,1488942694.544911,,,,,
2251,,,,,,1514,,,,1488942694.544912,,,,,
2252,,,,,,1514,,,,1488942694.544913,,,,,
2253,,,,,,1514,,,,1488942694.544914,,,,,
2254,,,,,,1514,,,,1488942694.544915,,,,,
2255,,,,,,1514,,,,1488942694.544916,,,,,
2256,,,,,,1514,,,,1488942694.544917,,,,,
2257,,,,,,1514,,,,1488942694.544918,,,,,
2258,,,,,,1514,,,,1488942694.544919,,,,,
2259,,,,,,1514,,,,1488942694.544919,,,,,
2260,,,,,,1514,,,,1488942694.54492,,,,,
2261,,,,,,1514,,,,1488942694.544921,,,,,
2262,,,,,,282,,,,1488942694.544922,,,,,
